scientific_name,erd_group,target_acc
Enterococcus faecium,PDS000199349.1,PDT002391547.1
Enterococcus faecium,PDS000199276.1,PDT002389791.1
Enterococcus faecium,PDS000059328.4,PDT000701376.1
Enterococcus faecium,PDS000059002.4,PDT000500195.2
Enterococcus faecium,PDS000059742.1,PDT000500220.2
Enterococcus faecium,PDS000059683.4,PDT000695586.1
Enterococcus faecium,PDS000059705.1,PDT000701754.1
Enterococcus faecium,PDS000059672.1,PDT000701430.1
Enterococcus faecium,PDS000059716.9,PDT000697683.1
Enterococcus faecium,PDS000059749.2,PDT000701664.1
Enterococcus faecium,PDS000059400.3,PDT000701394.1
Enterococcus faecium,PDS000062723.1,PDT000735571.1
Enterococcus faecium,PDS000059031.54,PDT000723718.1
Enterococcus faecium,PDS000059211.7,PDT000701934.1
Enterococcus faecium,PDS000059633.6,PDT000695110.1
Enterococcus faecium,PDS000100075.5,PDT000702045.1
Enterococcus faecium,PDS000084067.12,PDT000694715.1
Enterococcus faecium,PDS000084068.11,PDT000699394.1
Enterococcus faecium,PDS000171925.1,PDT000694339.1
Enterococcus faecium,PDS000172060.1,PDT000694096.1
Enterococcus faecium,PDS000172030.1,PDT000694227.1
Enterococcus faecium,PDS000102461.17,PDT002068671.1
Enterococcus faecium,PDS000082444.2,PDT000976418.1
Enterococcus faecium,PDS000102058.12,PDT002121163.1
Enterococcus faecium,PDS000058997.6,PDT000202688.2
Enterococcus faecium,PDS000159754.5,PDT000860820.1
Enterococcus faecium,PDS000059095.2,PDT000694777.1
Enterococcus faecium,PDS000059185.3,PDT000860654.1
Enterococcus faecium,PDS000059088.4,PDT000694670.1
Enterococcus faecium,PDS000059086.7,PDT000699351.1
Enterococcus faecium,PDS000059213.3,PDT000695243.1
Enterococcus faecium,PDS000059199.2,PDT000694856.1
Enterococcus faecium,PDS000059215.3,PDT000695172.1
Enterococcus faecium,PDS000059090.13,PDT000695010.1
Enterococcus faecium,PDS000059070.18,PDT001896395.1
Enterococcus faecium,PDS000059218.17,PDT000699289.1
Enterococcus faecium,PDS000059214.2,PDT000861073.1
Enterococcus faecium,PDS000059285.4,PDT000696668.1
Enterococcus faecium,PDS000188744.2,PDT001189449.1
Enterococcus faecium,PDS000059250.4,PDT000699423.1
Enterococcus faecium,PDS000059287.14,PDT001213834.1
Enterococcus faecium,PDS000117138.21,PDT000741225.1
Enterococcus faecium,PDS000059288.8,PDT000695941.1
Enterococcus faecium,PDS000059261.8,PDT000745239.1
Enterococcus faecium,PDS000161110.2,PDT001952776.1
Enterococcus faecium,PDS000190845.9,PDT000976449.1
Enterococcus faecium,PDS000101645.20,PDT001474041.1
Enterococcus faecium,PDS000171981.1,PDT000697773.1
Enterococcus faecium,PDS000059416.2,PDT000697436.1
Enterococcus faecium,PDS000059467.2,PDT000698303.1
Enterococcus faecium,PDS000059279.51,PDT001870471.1
Enterococcus faecium,PDS000100070.5,PDT001195024.1
Enterococcus faecium,PDS000171870.1,PDT000697227.1
Enterococcus faecium,PDS000171921.1,PDT000697905.1
Enterococcus faecium,PDS000084065.4,PDT002289929.1
Enterococcus faecium,PDS000059655.1,PDT000697789.1
Enterococcus faecium,PDS000059620.1,PDT000698375.1
Enterococcus faecium,PDS000171942.1,PDT000697056.1
Enterococcus faecium,PDS000171955.1,PDT000697219.1
Enterococcus faecium,PDS000058991.11,PDT000696177.1
Enterococcus faecium,PDS000115375.1,PDT001385567.1
Enterococcus faecium,PDS000059337.17,PDT000700302.1
Enterococcus faecium,PDS000059323.12,PDT000700279.1
Enterococcus faecium,PDS000193869.5,PDT001171339.1
Enterococcus faecium,PDS000059334.5,PDT000699926.1
Enterococcus faecium,PDS000059310.32,PDT000699533.1
Enterococcus faecium,PDS000063248.5,PDT000747020.1
Enterococcus faecium,PDS000059289.5,PDT000697890.1
Enterococcus faecium,PDS000059613.1,PDT000698498.1
Enterococcus faecium,PDS000117140.9,PDT001405381.1
Enterococcus faecium,PDS000059687.15,PDT001438006.1
Enterococcus faecium,PDS000063103.8,PDT000742412.1
Enterococcus faecium,PDS000059267.16,PDT000742491.1
Enterococcus faecium,PDS000100055.3,PDT001199552.1
Enterococcus faecium,PDS000172568.1,PDT001637967.1
Enterococcus faecium,PDS000063258.6,PDT000747501.1
Enterococcus faecium,PDS000190836.9,PDT000968434.1
Enterococcus faecium,PDS000063013.6,PDT001219203.1
Enterococcus faecium,PDS000193871.3,PDT001531837.1
Enterococcus faecium,PDS000127986.2,PDT001531934.1
Enterococcus faecium,PDS000193450.6,PDT001472577.1
Enterococcus faecium,PDS000193447.6,PDT001638067.1
Enterococcus faecium,PDS000190825.2,PDT002290399.1
Enterococcus faecium,PDS000063136.14,PDT001914246.1
Enterococcus faecium,PDS000190456.3,PDT002289490.1
Enterococcus faecium,PDS000059309.14,PDT000748575.1
Enterococcus faecium,PDS000059339.4,PDT000699762.1
Enterococcus faecium,PDS000190803.3,PDT001385557.1
Enterococcus faecium,PDS000059461.8,PDT002287459.1
Enterococcus faecium,PDS000059325.6,PDT001171250.1
Enterococcus faecium,PDS000169962.2,PDT002028232.1
Enterococcus faecium,PDS000190823.1,PDT002290481.1
Enterococcus faecium,PDS000098939.5,PDT002122425.1
Enterococcus faecium,PDS000059104.2,PDT000703878.1
Enterococcus faecium,PDS000059421.2,PDT000700792.1
Enterococcus faecium,PDS000059033.6,PDT000703899.1
Enterococcus faecium,PDS000062968.2,PDT000740890.1
Enterococcus faecium,PDS000078884.1,PDT000933636.1
Enterococcus faecium,PDS000059706.3,PDT002258008.1
Enterococcus faecium,PDS000165003.1,PDT001967539.1
Enterococcus faecium,PDS000164995.1,PDT001967410.1
Enterococcus faecium,PDS000072950.4,PDT000924193.1
Enterococcus faecium,PDS000058962.6,PDT000913073.1
Enterococcus faecium,PDS000058969.17,PDT002267928.1
Enterococcus faecium,PDS000078641.22,PDT000902315.1
Enterococcus faecium,PDS000078640.3,PDT000902297.1
Enterococcus faecium,PDS000169674.3,PDT002267994.1
Enterococcus faecium,PDS000058930.6,PDT000923914.1
Enterococcus faecium,PDS000058965.10,PDT000923979.1
Enterococcus faecium,PDS000188753.2,PDT002024260.1
Enterococcus faecium,PDS000061366.8,PDT000924206.1
Enterococcus faecium,PDS000061371.4,PDT000907211.1
Enterococcus faecium,PDS000059149.11,PDT000923864.1
Enterococcus faecium,PDS000059225.15,PDT000704525.1
Enterococcus faecium,PDS000062999.8,PDT000820263.1
Enterococcus faecium,PDS000122174.8,PDT000742024.1
Enterococcus faecium,PDS000180889.3,PDT002138983.1
Enterococcus faecium,PDS000180900.1,PDT002138971.1
Enterococcus faecium,PDS000059631.4,PDT000820244.1
Enterococcus faecium,PDS000059222.7,PDT000820351.1
Enterococcus faecium,PDS000070245.1,PDT000820140.1
Enterococcus faecium,PDS000059435.4,PDT000697074.1
Enterococcus faecium,PDS000059560.3,PDT000704434.1
Enterococcus faecium,PDS000105704.2,PDT000696355.1
Enterococcus faecium,PDS000075152.1,PDT000879606.1
Enterococcus faecium,PDS000095078.5,PDT001474396.1
Enterococcus faecium,PDS000084057.11,PDT002288149.1
Enterococcus faecium,PDS000102091.4,PDT001213426.1
Enterococcus faecium,PDS000100064.11,PDT001213575.1
Enterococcus faecium,PDS000188752.3,PDT002258806.1
Enterococcus faecium,PDS000084060.2,PDT000996227.1
Enterococcus faecium,PDS000098990.3,PDT002258608.1
Enterococcus faecium,PDS000098978.4,PDT001176202.1
Enterococcus faecium,PDS000098950.4,PDT001176871.1
Enterococcus faecium,PDS000119794.14,PDT001531812.1
Enterococcus faecium,PDS000188733.1,PDT002257796.1
Enterococcus faecium,PDS000059701.6,PDT001176828.1
Enterococcus faecium,PDS000179671.4,PDT001176621.1
Enterococcus faecium,PDS000059702.4,PDT001177286.1
Enterococcus faecium,PDS000098942.3,PDT002257873.1
Enterococcus faecium,PDS000098970.1,PDT001176257.1
Enterococcus faecium,PDS000105913.1,PDT001259150.1
Enterococcus faecium,PDS000105911.1,PDT001259008.1
Enterococcus faecium,PDS000105923.1,PDT001259007.1
Enterococcus faecium,PDS000097980.1,PDT001163155.1
Enterococcus faecium,PDS000097972.4,PDT002267873.1
Enterococcus faecium,PDS000097983.3,PDT001162972.1
Enterococcus faecium,PDS000097954.6,PDT002257530.1
Enterococcus faecium,PDS000097982.13,PDT001162895.1
Enterococcus faecium,PDS000084062.4,PDT001076842.1
Enterococcus faecium,PDS000143715.3,PDT001791586.1
Enterococcus faecium,PDS000062995.22,PDT000742144.1
Enterococcus faecium,PDS000077089.8,PDT000860347.1
Enterococcus faecium,PDS000113806.3,PDT001361159.1
Enterococcus faecium,PDS000122149.4,PDT001473981.1
Enterococcus faecium,PDS000122166.2,PDT001473877.1
Enterococcus faecium,PDS000171970.1,PDT001049387.1
Enterococcus faecium,PDS000161111.1,PDT001909118.1
Enterococcus faecium,PDS000190847.2,PDT002287809.1
Enterococcus faecium,PDS000082279.13,PDT001009355.1
Enterococcus faecium,PDS000135159.2,PDT001599621.1
Enterococcus faecium,PDS000137287.1,PDT001118325.1
Enterococcus faecium,PDS000171996.1,PDT002019112.1
Enterococcus faecium,PDS000059080.7,PDT000352994.2
Enterococcus faecium,PDS000171869.1,PDT001837758.2
Enterococcus faecium,PDS000154628.2,PDT001837801.1
Enterococcus faecium,PDS000172569.1,PDT001843388.1
Enterococcus faecium,PDS000059034.11,PDT000695557.1
Enterococcus faecium,PDS000154353.1,PDT001831621.1
Enterococcus faecium,PDS000179560.1,PDT002121175.1
Enterococcus faecium,PDS000179556.1,PDT002121169.1
Enterococcus faecium,PDS000162187.2,PDT001931324.1
Enterococcus faecium,PDS000095133.4,PDT001636412.1
Enterococcus faecium,PDS000164994.1,PDT001967601.1
Enterococcus faecium,PDS000063007.4,PDT000741154.1
Enterococcus faecium,PDS000059417.2,PDT000700800.1
Enterococcus faecium,PDS000059395.1,PDT000701365.1
Enterococcus faecium,PDS000059652.2,PDT000701873.1
Enterococcus faecium,PDS000059637.4,PDT000735593.1
Enterococcus faecium,PDS000172015.1,PDT000702285.1
Enterococcus faecium,PDS000059093.5,PDT000695181.1
Enterococcus faecium,PDS000059207.5,PDT000860794.1
Enterococcus faecium,PDS000059656.4,PDT000695215.1
Enterococcus faecium,PDS000059216.1,PDT000694155.1
Enterococcus faecium,PDS000171901.1,PDT000694288.1
Enterococcus faecium,PDS000059059.3,PDT000697623.1
Enterococcus faecium,PDS000122059.1,PDT001472306.1
Enterococcus faecium,PDS000059249.12,PDT000695671.1
Enterococcus faecium,PDS000059177.2,PDT000695162.1
Enterococcus faecium,PDS000059338.1,PDT000695340.1
Enterococcus faecium,PDS000105705.4,PDT000860882.1
Enterococcus faecium,PDS000190805.1,PDT000703520.1
Enterococcus faecium,PDS000059203.2,PDT000694946.1
Enterococcus faecium,PDS000059257.1,PDT000169853.2
Enterococcus faecium,PDS000059306.2,PDT000699937.1
Enterococcus faecium,PDS000059058.1,PDT000544173.2
Enterococcus faecium,PDS000059277.1,PDT000695820.1
Enterococcus faecium,PDS000063015.2,PDT000741450.1
Enterococcus faecium,PDS000109306.2,PDT000741090.1
Enterococcus faecium,PDS000059276.10,PDT000742367.1
Enterococcus faecium,PDS000059643.2,PDT001531855.1
Enterococcus faecium,PDS000059583.1,PDT000699718.1
Enterococcus faecium,PDS000059044.3,PDT000258903.2
Enterococcus faecium,PDS000059407.2,PDT000696957.1
Enterococcus faecium,PDS000172049.1,PDT000697636.1
Enterococcus faecium,PDS000059027.4,PDT000697867.1
Enterococcus faecium,PDS000171961.1,PDT000698171.1
Enterococcus faecium,PDS000059174.3,PDT000699873.1
Enterococcus faecium,PDS000059324.13,PDT000699807.1
Enterococcus faecium,PDS000063256.3,PDT000747144.1
Enterococcus faecium,PDS000059606.1,PDT000698609.1
Enterococcus faecium,PDS000190812.1,PDT001914287.1
Enterococcus faecium,PDS000171911.1,PDT000927816.1
Enterococcus faecium,PDS000171909.1,PDT000927829.1
Enterococcus faecium,PDS000059205.4,PDT001195075.1
Enterococcus faecium,PDS000100062.1,PDT001189432.1
Enterococcus faecium,PDS000100058.3,PDT001194905.1
Enterococcus faecium,PDS000063006.12,PDT000698635.1
Enterococcus faecium,PDS000171929.1,PDT001576784.1
Enterococcus faecium,PDS000170774.9,PDT001952895.1
Enterococcus faecium,PDS000059459.9,PDT002289886.1
Enterococcus faecium,PDS000059618.4,PDT001896306.1
Enterococcus faecium,PDS000084056.8,PDT001077004.1
Enterococcus faecium,PDS000081884.6,PDT001914313.1
Enterococcus faecium,PDS000085224.9,PDT001914281.1
Enterococcus faecium,PDS000175884.1,PDT001845670.2
Enterococcus faecium,PDS000062960.1,PDT000740920.1
Enterococcus faecium,PDS000077224.2,PDT000740817.1
Enterococcus faecium,PDS000059588.5,PDT002258597.1
Enterococcus faecium,PDS000164988.1,PDT001967560.1
Enterococcus faecium,PDS000065819.3,PDT000902296.1
Enterococcus faecium,PDS000077217.5,PDT000913051.1
Enterococcus faecium,PDS000189342.1,PDT000923942.1
Enterococcus faecium,PDS000072955.7,PDT002267801.1
Enterococcus faecium,PDS000058950.8,PDT000929492.1
Enterococcus faecium,PDS000169672.1,PDT002024154.1
Enterococcus faecium,PDS000059139.10,PDT000923881.1
Enterococcus faecium,PDS000077091.2,PDT000907216.1
Enterococcus faecium,PDS000059003.1,PDT000500197.2
Enterococcus faecium,PDS000059016.1,PDT000466534.2
Enterococcus faecium,PDS000142349.1,PDT001695932.1
Enterococcus faecium,PDS000059482.3,PDT000531966.2
Enterococcus faecium,PDS000059089.3,PDT001543601.1
Enterococcus faecium,PDS000113804.8,PDT000942860.1
Enterococcus faecium,PDS000171796.2,PDT001207856.1
Enterococcus faecium,PDS000100056.1,PDT001189673.1
Enterococcus faecium,PDS000172036.1,PDT000742753.1
Enterococcus faecium,PDS000110250.1,PDT001317251.1
Enterococcus faecium,PDS000172035.1,PDT000742932.1
Enterococcus faecium,PDS000063000.2,PDT000742111.1
Enterococcus faecium,PDS000105703.2,PDT000742972.1
Enterococcus faecium,PDS000073556.1,PDT000860364.1
Enterococcus faecium,PDS000073554.1,PDT000691158.1
Enterococcus faecium,PDS000070239.3,PDT000820195.1
Enterococcus faecium,PDS000064267.1,PDT000763957.1
Enterococcus faecium,PDS000122047.1,PDT001472406.1
Enterococcus faecium,PDS000122057.1,PDT000729689.1
Enterococcus faecium,PDS000083171.1,PDT000976598.2
Enterococcus faecium,PDS000076251.1,PDT000893098.1
Enterococcus faecium,PDS000102309.2,PDT001217908.1
Enterococcus faecium,PDS000170773.1,PDT001256663.1
Enterococcus faecium,PDS000102071.1,PDT001213868.1
Enterococcus faecium,PDS000102066.4,PDT001213549.1
Enterococcus faecium,PDS000063253.17,PDT001213736.1
Enterococcus faecium,PDS000102060.1,PDT001213622.1
Enterococcus faecium,PDS000122173.4,PDT001076983.1
Enterococcus faecium,PDS000098985.1,PDT001177015.1
Enterococcus faecium,PDS000098965.2,PDT002258426.1
Enterococcus faecium,PDS000098964.1,PDT001176229.1
Enterococcus faecium,PDS000061376.6,PDT001177333.1
Enterococcus faecium,PDS000098971.3,PDT002258356.1
Enterococcus faecium,PDS000188746.1,PDT002258747.1
Enterococcus faecium,PDS000172013.1,PDT001362857.1
Enterococcus faecium,PDS000097013.5,PDT001590958.1
Enterococcus faecium,PDS000136312.2,PDT000531952.2
Enterococcus faecium,PDS000104248.2,PDT001242191.1
Enterococcus faecium,PDS000107745.5,PDT001283385.1
Enterococcus faecium,PDS000165612.1,PDT001894848.1
Enterococcus faecium,PDS000107615.3,PDT001280255.1
Enterococcus faecium,PDS000188992.1,PDT001349848.1
Enterococcus faecium,PDS000125138.1,PDT001500785.1
Enterococcus faecium,PDS000062991.5,PDT001473995.1
Enterococcus faecium,PDS000161113.1,PDT001909078.1
Enterococcus faecium,PDS000059075.4,PDT001909055.1
Enterococcus faecium,PDS000119800.5,PDT001474345.1
Enterococcus faecium,PDS000171924.1,PDT001664561.1
Enterococcus faecium,PDS000154627.1,PDT001837752.1
Enterococcus faecium,PDS000172062.1,PDT001837725.2
Enterococcus faecium,PDS000154626.4,PDT001844661.1
Enterococcus faecium,PDS000150566.10,PDT001846301.1
Enterococcus faecium,PDS000179558.1,PDT002121129.1
Enterococcus faecium,PDS000179561.1,PDT002121192.1
Enterococcus faecium,PDS000179549.1,PDT002121117.1
Enterococcus faecium,PDS000172029.1,PDT001913170.1
Enterococcus faecium,PDS000174636.1,PDT002085764.1
Enterococcus faecium,PDS000187217.1,PDT002233228.1
Enterococcus faecium,PDS000059740.1,PDT000701275.1
Enterococcus faecium,PDS000059654.1,PDT000700863.1
Enterococcus faecium,PDS000059635.1,PDT000701358.1
Enterococcus faecium,PDS000059414.1,PDT000701016.1
Enterococcus faecium,PDS000059025.7,PDT000701755.1
Enterococcus faecium,PDS000059176.6,PDT000695388.1
Enterococcus faecium,PDS000059217.1,PDT000694087.1
Enterococcus faecium,PDS000059230.2,PDT001162994.1
Enterococcus faecium,PDS000171892.1,PDT000694137.1
Enterococcus faecium,PDS000059675.4,PDT000701254.1
Enterococcus faecium,PDS000062725.1,PDT000735574.1
Enterococcus faecium,PDS000059224.9,PDT000742898.1
Enterococcus faecium,PDS000059248.3,PDT000695739.1
Enterococcus faecium,PDS000059281.4,PDT000701255.1
Enterococcus faecium,PDS000059181.18,PDT000742530.1
Enterococcus faecium,PDS000059180.3,PDT000694691.1
Enterococcus faecium,PDS000157367.6,PDT000694702.1
Enterococcus faecium,PDS000073549.1,PDT000860719.1
Enterococcus faecium,PDS000073557.1,PDT000860856.1
Enterococcus faecium,PDS000058989.1,PDT000442703.1
Enterococcus faecium,PDS000059264.1,PDT000696095.1
Enterococcus faecium,PDS000059679.1,PDT000696864.1
Enterococcus faecium,PDS000059626.6,PDT001312905.1
Enterococcus faecium,PDS000059640.1,PDT000697696.1
Enterococcus faecium,PDS000059651.1,PDT000698076.1
Enterococcus faecium,PDS000059251.8,PDT000696972.1
Enterococcus faecium,PDS000076046.2,PDT000889189.1
Enterococcus faecium,PDS000084055.9,PDT001380616.1
Enterococcus faecium,PDS000117136.3,PDT000698737.1
Enterococcus faecium,PDS000059272.17,PDT000699454.1
Enterococcus faecium,PDS000059313.6,PDT000699975.1
Enterococcus faecium,PDS000190453.2,PDT002286359.1
Enterococcus faecium,PDS000124915.2,PDT001493475.1
Enterococcus faecium,PDS000059570.2,PDT000703388.1
Enterococcus faecium,PDS000171954.1,PDT000041293.2
Enterococcus faecium,PDS000155178.3,PDT001845609.2
Enterococcus faecium,PDS000171912.1,PDT000494489.1
Enterococcus faecium,PDS000059138.1,PDT000691008.1
Enterococcus faecium,PDS000059076.1,PDT000236739.2
Enterococcus faecium,PDS000061353.11,PDT000466535.2
Enterococcus faecium,PDS000078643.2,PDT000929437.1
Enterococcus faecium,PDS000061373.5,PDT000907107.1
Enterococcus faecium,PDS000189347.1,PDT002267828.1
Enterococcus faecium,PDS000125137.2,PDT001820298.1
Enterococcus faecium,PDS000059130.2,PDT000705475.1
Enterococcus faecium,PDS000167022.1,PDT001992505.1
Enterococcus faecium,PDS000119790.2,PDT001531836.1
Enterococcus faecium,PDS000127983.1,PDT001531768.1
Enterococcus faecium,PDS000122160.1,PDT000743076.1
Enterococcus faecium,PDS000058935.2,PDT000691172.1
Enterococcus faecium,PDS000070246.1,PDT000820188.1
Enterococcus faecium,PDS000059730.6,PDT000702032.1
Enterococcus faecium,PDS000082440.1,PDT000976497.1
Enterococcus faecium,PDS000097484.1,PDT000893103.1
Enterococcus faecium,PDS000126648.1,PDT001473865.1
Enterococcus faecium,PDS000171800.1,PDT000879193.1
Enterococcus faecium,PDS000084059.5,PDT001896479.1
Enterococcus faecium,PDS000090576.2,PDT002343509.1
Enterococcus faecium,PDS000073546.6,PDT001213911.1
Enterococcus faecium,PDS000098977.2,PDT001176667.1
Enterococcus faecium,PDS000188711.1,PDT001176758.1
Enterococcus faecium,PDS000098997.2,PDT001176703.1
Enterococcus faecium,PDS000105922.1,PDT001259167.1
Enterococcus faecium,PDS000105916.1,PDT001259000.1
Enterococcus faecium,PDS000097976.1,PDT000929517.1
Enterococcus faecium,PDS000122170.3,PDT002257713.1
Enterococcus faecium,PDS000059578.7,PDT000995075.1
Enterococcus faecium,PDS000122161.2,PDT001474400.1
Enterococcus faecium,PDS000161121.2,PDT001909135.1
Enterococcus faecium,PDS000164070.1,PDT001952932.1
Enterococcus faecium,PDS000122058.1,PDT001472656.1
Enterococcus faecium,PDS000126650.2,PDT001514428.1
Enterococcus faecium,PDS000121534.3,PDT002134763.1
Enterococcus faecium,PDS000192420.1,PDT002313690.1
Enterococcus faecium,PDS000059437.2,PDT000701597.1
Enterococcus faecium,PDS000059575.1,PDT000701685.1
Enterococcus faecium,PDS000059669.1,PDT000701991.1
Enterococcus faecium,PDS000172017.1,PDT000088332.2
Enterococcus faecium,PDS000059579.1,PDT000702340.1
Enterococcus faecium,PDS000122053.1,PDT001472237.1
Enterococcus faecium,PDS000122041.1,PDT001472339.1
Enterococcus faecium,PDS000059336.1,PDT000695743.1
Enterococcus faecium,PDS000059729.1,PDT000695639.1
Enterococcus faecium,PDS000171959.1,PDT000695018.1
Enterococcus faecium,PDS000059188.4,PDT000695406.1
Enterococcus faecium,PDS000059385.2,PDT000694934.1
Enterococcus faecium,PDS000059193.3,PDT000695291.1
Enterococcus faecium,PDS000058933.1,PDT000543871.2
Enterococcus faecium,PDS000059453.5,PDT000742297.1
Enterococcus faecium,PDS000109305.2,PDT000741164.1
Enterococcus faecium,PDS000059646.1,PDT000698162.1
Enterococcus faecium,PDS000171931.1,PDT000698241.1
Enterococcus faecium,PDS000059238.3,PDT000697283.1
Enterococcus faecium,PDS000059111.8,PDT000697461.1
Enterococcus faecium,PDS000059280.5,PDT000741274.1
Enterococcus faecium,PDS000063012.2,PDT000741331.1
Enterococcus faecium,PDS000059326.5,PDT000699967.1
Enterococcus faecium,PDS000062654.1,PDT000734564.1
Enterococcus faecium,PDS000059426.7,PDT000695911.1
Enterococcus faecium,PDS000102580.1,PDT001219179.1
Enterococcus faecium,PDS000059245.5,PDT001194984.1
Enterococcus faecium,PDS000157933.1,PDT001467328.1
Enterococcus faecium,PDS000171939.1,PDT000697984.1
Enterococcus faecium,PDS000161428.1,PDT001896558.1
Enterococcus faecium,PDS000193870.1,PDT002287629.1
Enterococcus faecium,PDS000169963.3,PDT002028137.1
Enterococcus faecium,PDS000193449.1,PDT002328546.1
Enterococcus faecium,PDS000059056.1,PDT000353000.2
Enterococcus faecium,PDS000144588.18,PDT001482332.2
Enterococcus faecium,PDS000062956.2,PDT000740709.1
Enterococcus faecium,PDS000062962.1,PDT000740801.1
Enterococcus faecium,PDS000058975.17,PDT001162858.1
Enterococcus faecium,PDS000164064.1,PDT001931393.1
Enterococcus faecium,PDS000078885.1,PDT000933643.1
Enterococcus faecium,PDS000059005.1,PDT000453098.2
Enterococcus faecium,PDS000059565.3,PDT001474357.1
Enterococcus faecium,PDS000059714.1,PDT000705374.1
Enterococcus faecium,PDS000059713.1,PDT000705036.1
Enterococcus faecium,PDS000164998.1,PDT001967455.1
Enterococcus faecium,PDS000164992.1,PDT001967571.1
Enterococcus faecium,PDS000058970.9,PDT002267989.1
Enterococcus faecium,PDS000058952.10,PDT000929384.1
Enterococcus faecium,PDS000058954.13,PDT000907287.1
Enterococcus faecium,PDS000061364.19,PDT000929504.1
Enterococcus faecium,PDS000078219.1,PDT000924192.1
Enterococcus faecium,PDS000059148.10,PDT000913106.1
Enterococcus faecium,PDS000058941.9,PDT000924207.1
Enterococcus faecium,PDS000078233.1,PDT000924049.1
Enterococcus faecium,PDS000061374.9,PDT000907159.1
Enterococcus faecium,PDS000058925.7,PDT000907124.1
Enterococcus faecium,PDS000058980.11,PDT000924200.1
Enterococcus faecium,PDS000059012.3,PDT001275062.1
Enterococcus faecium,PDS000059011.2,PDT000472004.2
Enterococcus faecium,PDS000059132.1,PDT000667632.2
Enterococcus faecium,PDS000127981.1,PDT001531765.1
Enterococcus faecium,PDS000179544.1,PDT000742037.1
Enterococcus faecium,PDS000059383.6,PDT000741371.1
Enterococcus faecium,PDS000059717.4,PDT000741990.1
Enterococcus faecium,PDS000062993.1,PDT000741661.1
Enterococcus faecium,PDS000059429.14,PDT000698307.1
Enterococcus faecium,PDS000070710.2,PDT002065589.1
Enterococcus faecium,PDS000172026.1,PDT000976491.1
Enterococcus faecium,PDS000162193.1,PDT001514469.1
Enterococcus faecium,PDS000105707.2,PDT001256596.1
Enterococcus faecium,PDS000097014.3,PDT001087967.1
Enterococcus faecium,PDS000102083.1,PDT001213398.1
Enterococcus faecium,PDS000190844.1,PDT001077198.1
Enterococcus faecium,PDS000188712.1,PDT002258333.1
Enterococcus faecium,PDS000098947.1,PDT001176627.1
Enterococcus faecium,PDS000098980.2,PDT001176934.1
Enterococcus faecium,PDS000188722.1,PDT001176586.1
Enterococcus faecium,PDS000188715.1,PDT002258495.1
Enterococcus faecium,PDS000105909.1,PDT001259099.1
Enterococcus faecium,PDS000097956.1,PDT001163202.1
Enterococcus faecium,PDS000097973.1,PDT001163065.1
Enterococcus faecium,PDS000172069.1,PDT001514427.1
Enterococcus faecium,PDS000132398.1,PDT001362550.1
Enterococcus faecium,PDS000172009.1,PDT001362746.1
Enterococcus faecium,PDS000082437.6,PDT000701273.1
Enterococcus faecium,PDS000111706.1,PDT001337288.1
Enterococcus faecium,PDS000187216.1,PDT001337292.1
Enterococcus faecium,PDS000125139.1,PDT001500806.1
Enterococcus faecium,PDS000090678.1,PDT001049079.1
Enterococcus faecium,PDS000058922.14,PDT000741974.1
Enterococcus faecium,PDS000190810.1,PDT001952860.1
Enterococcus faecium,PDS000161120.4,PDT001952962.1
Enterococcus faecium,PDS000172065.1,PDT000697665.1
Enterococcus faecium,PDS000154356.1,PDT001831591.1
Enterococcus faecium,PDS000059244.2,PDT001831747.1
Enterococcus faecium,PDS000174624.1,PDT002085591.1
Enterococcus faecium,PDS000059405.2,PDT000701235.1
Enterococcus faecium,PDS000059580.1,PDT000701093.1
Enterococcus faecium,PDS000059389.1,PDT000701052.1
Enterococcus faecium,PDS000059449.2,PDT000701125.1
Enterococcus faecium,PDS000059392.2,PDT000701814.1
Enterococcus faecium,PDS000103438.1,PDT000701895.1
Enterococcus faecium,PDS000059731.2,PDT000702027.1
Enterococcus faecium,PDS000171928.1,PDT000697287.1
Enterococcus faecium,PDS000172072.1,PDT000088353.2
Enterococcus faecium,PDS000059191.2,PDT000693964.1
Enterococcus faecium,PDS000171947.1,PDT000698372.1
Enterococcus faecium,PDS000122044.1,PDT001472267.1
Enterococcus faecium,PDS000122048.1,PDT001472333.1
Enterococcus faecium,PDS000059723.2,PDT000704570.1
Enterococcus faecium,PDS000073545.1,PDT000860990.1
Enterococcus faecium,PDS000059684.1,PDT000697735.1
Enterococcus faecium,PDS000059424.2,PDT000697091.1
Enterococcus faecium,PDS000059471.2,PDT000697492.1
Enterococcus faecium,PDS000171974.1,PDT000698336.1
Enterococcus faecium,PDS000059728.1,PDT000702269.1
Enterococcus faecium,PDS000059464.2,PDT000697102.1
Enterococcus faecium,PDS000059173.12,PDT000699585.1
Enterococcus faecium,PDS000078565.1,PDT000927862.1
Enterococcus faecium,PDS000101337.1,PDT001204500.1
Enterococcus faecium,PDS000100057.2,PDT001194954.1
Enterococcus faecium,PDS000159755.1,PDT001472392.1
Enterococcus faecium,PDS000059322.9,PDT000699467.1
Enterococcus faecium,PDS000190820.1,PDT002290386.1
Enterococcus faecium,PDS000171882.2,PDT001896538.1
Enterococcus faecium,PDS000129091.1,PDT001537398.1
Enterococcus faecium,PDS000059050.1,PDT000355232.2
Enterococcus faecium,PDS000062961.1,PDT000740698.1
Enterococcus faecium,PDS000059715.4,PDT001176570.1
Enterococcus faecium,PDS000164989.1,PDT001967484.1
Enterococcus faecium,PDS000058960.2,PDT000605341.2
Enterococcus faecium,PDS000072954.5,PDT000924220.1
Enterococcus faecium,PDS000142348.1,PDT001695941.1
Enterococcus faecium,PDS000172051.1,PDT001952981.1
Enterococcus faecium,PDS000180888.1,PDT002138987.1
Enterococcus faecium,PDS000180887.1,PDT002139073.1
Enterococcus faecium,PDS000100071.12,PDT002329182.1
Enterococcus faecium,PDS000162188.1,PDT001931391.1
Enterococcus faecium,PDS000162196.1,PDT001931366.1
Enterococcus faecium,PDS000079292.1,PDT000937843.1
Enterococcus faecium,PDS000084058.2,PDT002287914.1
Enterococcus faecium,PDS000102081.1,PDT001213316.1
Enterococcus faecium,PDS000188731.1,PDT001176532.1
Enterococcus faecium,PDS000188743.1,PDT002258207.1
Enterococcus faecium,PDS000188751.1,PDT002258357.1
Enterococcus faecium,PDS000098960.2,PDT002259044.1
Enterococcus faecium,PDS000097974.2,PDT001162839.1
Enterococcus faecium,PDS000136310.2,PDT000531972.2
Enterococcus faecium,PDS000082457.3,PDT000531967.2
Enterococcus faecium,PDS000102074.4,PDT001213468.1
Enterococcus faecium,PDS000090677.2,PDT001049042.1
Enterococcus faecium,PDS000082278.3,PDT000974614.1
Enterococcus faecium,PDS000164069.1,PDT001952984.1
Enterococcus faecium,PDS000164065.1,PDT001952944.1
Enterococcus faecium,PDS000183464.1,PDT002178558.1
Enterococcus faecium,PDS000058939.4,PDT001664559.1
Enterococcus faecium,PDS000179547.1,PDT002121173.1
Enterococcus faecium,PDS000179543.1,PDT002121182.1
Enterococcus faecium,PDS000189633.1,PDT002274137.1
Enterococcus faecium,PDS000189632.1,PDT002274122.1
Enterococcus faecium,PDS000059010.9,PDT000694034.1
Enterococcus faecium,PDS000059409.2,PDT000700868.1
Enterococcus faecium,PDS000059384.2,PDT000701243.1
Enterococcus faecium,PDS000059327.3,PDT000701122.1
Enterococcus faecium,PDS000059659.3,PDT000976616.1
Enterococcus faecium,PDS000059577.2,PDT000703866.1
Enterococcus faecium,PDS000171906.1,PDT000544114.2
Enterococcus faecium,PDS000059692.1,PDT000702400.1
Enterococcus faecium,PDS000171972.1,PDT000694135.1
Enterococcus faecium,PDS000059169.1,PDT000694256.1
Enterococcus faecium,PDS000171949.1,PDT000694324.1
Enterococcus faecium,PDS000172731.1,PDT002068662.1
Enterococcus faecium,PDS000122040.1,PDT000745199.1
Enterococcus faecium,PDS000059682.1,PDT000703838.1
Enterococcus faecium,PDS000059209.5,PDT000695190.1
Enterococcus faecium,PDS000059195.5,PDT000694814.1
Enterococcus faecium,PDS000117139.1,PDT000696267.1
Enterococcus faecium,PDS000059263.9,PDT000741467.1
Enterococcus faecium,PDS000059239.4,PDT000697351.1
Enterococcus faecium,PDS000059444.2,PDT000697197.1
Enterococcus faecium,PDS000059321.2,PDT000700921.1
Enterococcus faecium,PDS000171984.1,PDT000696900.1
Enterococcus faecium,PDS000102092.12,PDT002138885.1
Enterococcus faecium,PDS000059603.3,PDT000698656.1
Enterococcus faecium,PDS000063010.10,PDT000743981.1
Enterococcus faecium,PDS000100072.3,PDT001189427.1
Enterococcus faecium,PDS000063380.3,PDT001171376.1
Enterococcus faecium,PDS000128665.1,PDT001534142.1
Enterococcus faecium,PDS000190822.2,PDT002290383.1
Enterococcus faecium,PDS000190835.1,PDT002289230.1
Enterococcus faecium,PDS000059124.1,PDT000070292.2
Enterococcus faecium,PDS000100077.2,PDT000193952.2
Enterococcus faecium,PDS000172038.1,PDT000741694.1
Enterococcus faecium,PDS000059112.1,PDT000105900.2
Enterococcus faecium,PDS000058972.2,PDT000605329.2
Enterococcus faecium,PDS000164987.1,PDT001967479.1
Enterococcus faecium,PDS000169668.2,PDT002024132.1
Enterococcus faecium,PDS000059154.3,PDT000623533.1
Enterococcus faecium,PDS000059152.10,PDT002267967.1
Enterococcus faecium,PDS000142350.1,PDT001695919.1
Enterococcus faecium,PDS000059118.3,PDT001659634.1
Enterococcus faecium,PDS000127985.1,PDT001531799.1
Enterococcus faecium,PDS000062997.4,PDT001242169.1
Enterococcus faecium,PDS000171797.1,PDT000742995.1
Enterococcus faecium,PDS000073551.1,PDT000691177.1
Enterococcus faecium,PDS000063021.3,PDT000820212.1
Enterococcus faecium,PDS000076044.5,PDT001071368.1
Enterococcus faecium,PDS000059686.3,PDT000976554.1
Enterococcus faecium,PDS000172028.1,PDT001222482.1
Enterococcus faecium,PDS000171894.1,PDT000976589.2
Enterococcus faecium,PDS000096529.2,PDT001018970.2
Enterococcus faecium,PDS000102072.1,PDT001213719.1
Enterococcus faecium,PDS000102062.1,PDT001213363.1
Enterococcus faecium,PDS000188717.1,PDT001177063.1
Enterococcus faecium,PDS000099000.2,PDT001176526.1
Enterococcus faecium,PDS000188747.1,PDT002257938.1
Enterococcus faecium,PDS000188750.1,PDT002257561.1
Enterococcus faecium,PDS000078331.3,PDT002257905.1
Enterococcus faecium,PDS000188755.1,PDT002259022.1
Enterococcus faecium,PDS000097961.1,PDT001163073.1
Enterococcus faecium,PDS000097955.1,PDT001163032.1
Enterococcus faecium,PDS000097959.3,PDT001845607.3
Enterococcus faecium,PDS000136311.3,PDT001659101.1
Enterococcus faecium,PDS000083864.1,PDT000995397.1
Enterococcus faecium,PDS000141561.1,PDT001684346.1
Enterococcus faecium,PDS000179559.1,PDT002121177.1
Enterococcus faecium,PDS000192417.1,PDT002313709.1
Enterococcus faecium,PDS000059055.3,PDT000543760.2
Enterococcus faecium,PDS000059330.2,PDT000701596.1
Enterococcus faecium,PDS000059413.2,PDT000701463.1
Enterococcus faecium,PDS000059582.1,PDT000701500.1
Enterococcus faecium,PDS000092728.1,PDT000202709.2
Enterococcus faecium,PDS000059627.6,PDT001189637.1
Enterococcus faecium,PDS000097964.2,PDT001162883.1
Enterococcus faecium,PDS000059319.2,PDT000701619.1
Enterococcus faecium,PDS000171887.1,PDT000694291.1
Enterococcus faecium,PDS000059563.5,PDT001474068.1
Enterococcus faecium,PDS000059451.2,PDT000694858.1
Enterococcus faecium,PDS000059247.3,PDT000696589.1
Enterococcus faecium,PDS000059472.2,PDT000697847.1
Enterococcus faecium,PDS000172059.1,PDT000697750.1
Enterococcus faecium,PDS000171871.1,PDT000088340.2
Enterococcus faecium,PDS000059475.5,PDT001599650.1
Enterococcus faecium,PDS000171979.1,PDT000697424.1
Enterococcus faecium,PDS000059443.5,PDT000697483.1
Enterococcus faecium,PDS000115018.2,PDT001380619.1
Enterococcus faecium,PDS000161427.1,PDT000889471.1
Enterococcus faecium,PDS000063251.1,PDT000747197.1
Enterococcus faecium,PDS000171916.1,PDT000927822.1
Enterococcus faecium,PDS000100049.1,PDT001189482.1
Enterococcus faecium,PDS000084600.4,PDT001005872.1
Enterococcus faecium,PDS000102582.1,PDT001219173.1
Enterococcus faecium,PDS000137444.3,PDT002289431.1
Enterococcus faecium,PDS000063002.10,PDT002327043.1
Enterococcus faecium,PDS000189634.1,PDT002270270.1
Enterococcus faecium,PDS000193321.1,PDT002325146.1
Enterococcus faecium,PDS000171900.3,PDT000691010.1
Enterococcus faecium,PDS000171886.1,PDT001677433.1
Enterococcus faecium,PDS000078230.6,PDT000907248.1
Enterococcus faecium,PDS000169673.1,PDT000902287.1
Enterococcus faecium,PDS000059150.10,PDT000726660.1
Enterococcus faecium,PDS000189336.1,PDT002267799.1
Enterococcus faecium,PDS000059038.1,PDT000418368.2
Enterococcus faecium,PDS000059094.1,PDT000539763.2
Enterococcus faecium,PDS000059719.4,PDT001531956.1
Enterococcus faecium,PDS000180886.1,PDT002138985.1
Enterococcus faecium,PDS000082449.2,PDT000976601.1
Enterococcus faecium,PDS000059448.5,PDT001874492.1
Enterococcus faecium,PDS000190804.2,PDT000996429.1
Enterococcus faecium,PDS000188742.1,PDT002258402.1
Enterococcus faecium,PDS000059699.4,PDT001176569.1
Enterococcus faecium,PDS000098962.2,PDT001177231.1
Enterococcus faecium,PDS000096192.4,PDT001277898.1
Enterococcus faecium,PDS000122162.3,PDT001567869.1
Enterococcus faecium,PDS000090679.1,PDT001049266.1
Enterococcus faecium,PDS000161118.1,PDT001909039.1
Enterococcus faecium,PDS000183458.1,PDT002178548.1
Enterococcus faecium,PDS000182335.2,PDT002325161.1
Enterococcus faecium,PDS000190807.1,PDT001844662.1
Enterococcus faecium,PDS000165001.2,PDT001967586.1
Enterococcus faecium,PDS000190417.1,PDT002283648.1
Enterococcus faecium,PDS000059219.1,PDT000693950.1
Enterococcus faecium,PDS000063129.2,PDT000772128.1
Enterococcus faecium,PDS000059399.1,PDT000701073.1
Enterococcus faecium,PDS000059720.1,PDT000701944.1
Enterococcus faecium,PDS000058993.2,PDT000202312.2
Enterococcus faecium,PDS000059573.1,PDT000702110.1
Enterococcus faecium,PDS000059690.1,PDT000702133.1
Enterococcus faecium,PDS000059171.2,PDT000693991.1
Enterococcus faecium,PDS000171920.1,PDT000694115.1
Enterococcus faecium,PDS000059283.12,PDT001380564.1
Enterococcus faecium,PDS000059604.1,PDT000698675.1
Enterococcus faecium,PDS000059269.2,PDT000695962.1
Enterococcus faecium,PDS000064263.1,PDT000697502.1
Enterococcus faecium,PDS000059483.2,PDT000698161.1
Enterococcus faecium,PDS000059454.1,PDT000696782.1
Enterococcus faecium,PDS000059470.2,PDT000698191.1
Enterococcus faecium,PDS000171958.1,PDT000697137.1
Enterococcus faecium,PDS000171917.1,PDT000697375.1
Enterococcus faecium,PDS000059425.4,PDT000697195.1
Enterococcus faecium,PDS000059294.1,PDT000698831.1
Enterococcus faecium,PDS000100079.1,PDT001195009.1
Enterococcus faecium,PDS000194751.3,PDT002343510.1
Enterococcus faecium,PDS000172067.1,PDT000384556.1
Enterococcus faecium,PDS000171893.1,PDT001835587.2
Enterococcus faecium,PDS000065820.5,PDT000907055.1
Enterococcus faecium,PDS000189345.1,PDT002267975.1
Enterococcus faecium,PDS000058964.4,PDT000913056.1
Enterococcus faecium,PDS000059004.1,PDT000500159.2
Enterococcus faecium,PDS000098953.1,PDT001162955.1
Enterococcus faecium,PDS000172032.1,PDT000744122.1
Enterococcus faecium,PDS000095031.2,PDT002121143.1
Enterococcus faecium,PDS000102089.1,PDT001195040.1
Enterococcus faecium,PDS000098974.2,PDT002258172.1
Enterococcus faecium,PDS000058953.5,PDT000913127.1
Enterococcus faecium,PDS000097953.1,PDT001162842.1
Enterococcus faecium,PDS000107397.1,PDT001277900.1
Enterococcus faecium,PDS000095032.3,PDT001500781.1
Enterococcus faecium,PDS000172041.1,PDT002054788.1
Enterococcus faecium,PDS000161112.3,PDT002269378.1
Enterococcus faecium,PDS000137617.1,PDT001640544.1
Enterococcus faecium,PDS000171933.6,PDT001380525.1
Enterococcus faecium,PDS000187525.1,PDT002239683.1
Enterococcus faecium,PDS000179548.1,PDT002121056.1
Enterococcus faecium,PDS000179551.1,PDT002121298.1
Enterococcus faecium,PDS000179675.1,PDT002122373.1
Enterococcus faecium,PDS000180902.2,PDT002241660.1
Enterococcus faecium,PDS000059220.1,PDT000693962.1
Enterococcus faecium,PDS000059419.2,PDT000701373.1
Enterococcus faecium,PDS000059592.1,PDT000701764.1
Enterococcus faecium,PDS000059657.1,PDT000701748.1
Enterococcus faecium,PDS000059629.1,PDT000702104.1
Enterococcus faecium,PDS000171899.1,PDT000694090.1
Enterococcus faecium,PDS000122054.1,PDT001472294.1
Enterococcus faecium,PDS000059667.1,PDT000694593.1
Enterococcus faecium,PDS000073560.1,PDT000860691.1
Enterococcus faecium,PDS000059268.4,PDT000699076.1
Enterococcus faecium,PDS000061199.1,PDT000700648.1
Enterococcus faecium,PDS000059623.2,PDT000698362.1
Enterococcus faecium,PDS000059408.2,PDT000696857.1
Enterococcus faecium,PDS000171875.1,PDT000697960.1
Enterococcus faecium,PDS000063095.5,PDT000889474.1
Enterococcus faecium,PDS000063247.2,PDT002121212.1
Enterococcus faecium,PDS000059307.1,PDT000698975.1
Enterococcus faecium,PDS000100061.1,PDT001189442.1
Enterococcus faecium,PDS000100051.2,PDT001194994.1
Enterococcus faecium,PDS000059595.3,PDT000702109.1
Enterococcus faecium,PDS000172003.1,PDT001896526.1
Enterococcus faecium,PDS000098584.2,PDT002288046.1
Enterococcus faecium,PDS000164422.4,PDT001955759.1
Enterococcus faecium,PDS000189635.4,PDT002271632.1
Enterococcus faecium,PDS000193322.1,PDT002325139.1
Enterococcus faecium,PDS000190848.2,PDT001874498.1
Enterococcus faecium,PDS000172055.1,PDT000703410.1
Enterococcus faecium,PDS000059084.1,PDT000208525.2
Enterococcus faecium,PDS000172050.1,PDT000704381.1
Enterococcus faecium,PDS000059698.3,PDT002258445.1
Enterococcus faecium,PDS000058949.5,PDT000913103.1
Enterococcus faecium,PDS000061379.4,PDT000907187.1
Enterococcus faecium,PDS000171966.1,PDT001371619.1
Enterococcus faecium,PDS000059009.1,PDT000472022.2
Enterococcus faecium,PDS000059136.1,PDT000645252.2
Enterococcus faecium,PDS000181319.1,PDT002146263.1
Enterococcus faecium,PDS000059662.4,PDT002269582.1
Enterococcus faecium,PDS000095079.1,PDT000741591.1
Enterococcus faecium,PDS000070241.2,PDT000820578.1
Enterococcus faecium,PDS000162189.1,PDT001931349.1
Enterococcus faecium,PDS000098981.1,PDT001176322.1
Enterococcus faecium,PDS000098984.2,PDT001176896.1
Enterococcus faecium,PDS000188714.1,PDT002258736.1
Enterococcus faecium,PDS000164068.1,PDT001952954.1
Enterococcus faecium,PDS000171993.1,PDT001472737.1
Enterococcus faecium,PDS000164993.1,PDT001967611.1
Enterococcus faecium,PDS000170777.1,PDT002040590.1
Enterococcus faecium,PDS000179219.1,PDT002118300.1
Enterococcus faecium,PDS000059390.2,PDT000701037.1
Enterococcus faecium,PDS000059331.3,PDT000701005.1
Enterococcus faecium,PDS000059735.1,PDT000696569.1
Enterococcus faecium,PDS000171873.1,PDT000088334.2
Enterococcus faecium,PDS000059744.1,PDT000702179.1
Enterococcus faecium,PDS000059273.3,PDT000742349.1
Enterococcus faecium,PDS000059469.2,PDT000698199.1
Enterococcus faecium,PDS000059450.2,PDT000697520.1
Enterococcus faecium,PDS000059466.3,PDT000694254.1
Enterococcus faecium,PDS000076047.3,PDT001389137.1
Enterococcus faecium,PDS000084054.1,PDT000741208.1
Enterococcus faecium,PDS000063249.2,PDT000747431.1
Enterococcus faecium,PDS000063097.1,PDT000742445.1
Enterococcus faecium,PDS000098582.2,PDT001077035.1
Enterococcus faecium,PDS000161424.1,PDT001896406.1
Enterococcus faecium,PDS000165197.4,PDT002269384.1
Enterococcus faecium,PDS000059123.1,PDT000070385.2
Enterococcus faecium,PDS000171935.1,PDT001523921.1
Enterococcus faecium,PDS000059054.2,PDT000643795.1
Enterococcus faecium,PDS000059047.1,PDT000215208.2
Enterococcus faecium,PDS000059700.3,PDT002258162.1
Enterococcus faecium,PDS000164982.1,PDT001967545.1
Enterococcus faecium,PDS000058942.8,PDT000907247.1
Enterococcus faecium,PDS000061354.3,PDT000929463.1
Enterococcus faecium,PDS000127990.1,PDT001532010.1
Enterococcus faecium,PDS000063001.3,PDT000742215.1
Enterococcus faecium,PDS000172039.1,PDT000741907.1
Enterococcus faecium,PDS000180891.1,PDT002139081.1
Enterococcus faecium,PDS000059143.2,PDT000860371.1
Enterococcus faecium,PDS000059102.2,PDT000860321.1
Enterococcus faecium,PDS000137291.1,PDT001118322.1
Enterococcus faecium,PDS000172070.1,PDT002056430.1
Enterococcus faecium,PDS000189637.1,PDT000976605.1
Enterococcus faecium,PDS000076254.3,PDT001139222.1
Enterococcus faecium,PDS000090575.1,PDT001049490.1
Enterococcus faecium,PDS000097977.1,PDT001163124.1
Enterococcus faecium,PDS000098940.1,PDT001177258.1
Enterococcus faecium,PDS000059221.4,PDT000860886.1
Enterococcus faecium,PDS000119801.1,PDT001214020.1
Enterococcus faecium,PDS000179555.1,PDT002121040.1
Enterococcus faecium,PDS000179540.1,PDT001967595.1
Enterococcus faecium,PDS000059386.2,PDT000701207.1
Enterococcus faecium,PDS000059397.2,PDT000701821.1
Enterococcus faecium,PDS000059721.1,PDT000701901.1
Enterococcus faecium,PDS000059734.1,PDT000702111.1
Enterococcus faecium,PDS000059428.3,PDT000702389.1
Enterococcus faecium,PDS000171885.1,PDT000694186.1
Enterococcus faecium,PDS000190811.1,PDT000735565.1
Enterococcus faecium,PDS000122056.1,PDT001472312.1
Enterococcus faecium,PDS000059600.1,PDT000694663.1
Enterococcus faecium,PDS000059240.2,PDT000695538.1
Enterococcus faecium,PDS000154355.1,PDT000696557.1
Enterococcus faecium,PDS000059258.1,PDT000696067.1
Enterococcus faecium,PDS000059474.1,PDT000696820.1
Enterococcus faecium,PDS000171977.1,PDT000698351.1
Enterococcus faecium,PDS000059727.2,PDT000696811.1
Enterococcus faecium,PDS000076045.1,PDT000889194.1
Enterococcus faecium,PDS000076042.3,PDT001380523.1
Enterococcus faecium,PDS000078563.1,PDT000927834.1
Enterococcus faecium,PDS000100060.1,PDT001195067.1
Enterococcus faecium,PDS000100053.1,PDT001194978.1
Enterococcus faecium,PDS000190816.1,PDT002288884.1
Enterococcus faecium,PDS000194750.1,PDT001049489.1
Enterococcus faecium,PDS000059569.1,PDT000703411.1
Enterococcus faecium,PDS000097164.1,PDT001149177.1
Enterococcus faecium,PDS000155179.5,PDT001845625.2
Enterococcus faecium,PDS000180351.1,PDT000420683.1
Enterococcus faecium,PDS000059074.1,PDT000246890.2
Enterococcus faecium,PDS000058924.5,PDT000907120.1
Enterococcus faecium,PDS000059042.1,PDT000418316.2
Enterococcus faecium,PDS000059041.1,PDT000418320.2
Enterococcus faecium,PDS000115945.1,PDT000922894.1
Enterococcus faecium,PDS000167025.1,PDT001992644.1
Enterococcus faecium,PDS000188718.1,PDT002258662.1
Enterococcus faecium,PDS000073562.1,PDT000860386.1
Enterococcus faecium,PDS000064268.1,PDT000763802.1
Enterococcus faecium,PDS000082456.1,PDT000976373.1
Enterococcus faecium,PDS000096528.1,PDT001139211.1
Enterococcus faecium,PDS000073965.1,PDT000866029.1
Enterococcus faecium,PDS000105710.2,PDT001256551.1
Enterococcus faecium,PDS000091898.2,PDT001076864.1
Enterococcus faecium,PDS000188749.1,PDT002257695.1
Enterococcus faecium,PDS000105914.1,PDT001259037.1
Enterococcus faecium,PDS000097970.2,PDT001163200.1
Enterococcus faecium,PDS000171960.1,PDT001214028.1
Enterococcus faecium,PDS000181317.1,PDT002146259.1
Enterococcus faecium,PDS000122167.1,PDT001474386.1
Enterococcus faecium,PDS000192910.1,PDT002319753.1
Enterococcus faecium,PDS000171989.1,PDT001472686.1
Enterococcus faecium,PDS000179541.1,PDT002121191.1
Enterococcus faecium,PDS000162191.1,PDT001931381.1
Enterococcus faecium,PDS000126649.2,PDT001931370.1
Enterococcus faecium,PDS000164986.1,PDT001967599.1
Enterococcus faecium,PDS000181708.1,PDT002154734.1
Enterococcus faecium,PDS000059388.2,PDT000700915.1
Enterococcus faecium,PDS000100076.1,PDT000702036.1
Enterococcus faecium,PDS000059210.5,PDT000700753.1
Enterococcus faecium,PDS000171951.1,PDT000694094.1
Enterococcus faecium,PDS000122049.1,PDT001472346.1
Enterococcus faecium,PDS000058986.1,PDT000442704.1
Enterococcus faecium,PDS000059046.1,PDT000543920.2
Enterococcus faecium,PDS000059602.2,PDT000698509.1
Enterococcus faecium,PDS000059432.1,PDT000696457.1
Enterococcus faecium,PDS000059630.1,PDT000696814.1
Enterococcus faecium,PDS000171952.1,PDT000697626.1
Enterococcus faecium,PDS000059394.2,PDT000696805.1
Enterococcus faecium,PDS000076041.4,PDT001952827.1
Enterococcus faecium,PDS000063138.2,PDT001874477.1
Enterococcus faecium,PDS000171907.1,PDT000927880.1
Enterococcus faecium,PDS000100067.2,PDT001194949.1
Enterococcus faecium,PDS000171940.1,PDT000340051.2
Enterococcus faecium,PDS000059737.4,PDT001189623.1
Enterococcus faecium,PDS000190814.1,PDT002290010.1
Enterococcus faecium,PDS000059053.1,PDT000353011.2
Enterococcus faecium,PDS000062964.1,PDT000740787.1
Enterococcus faecium,PDS000063009.1,PDT000302375.2
Enterococcus faecium,PDS000165002.1,PDT001967476.1
Enterococcus faecium,PDS000061367.3,PDT000923912.1
Enterococcus faecium,PDS000058973.7,PDT000907202.1
Enterococcus faecium,PDS000077222.4,PDT000907137.1
Enterococcus faecium,PDS000084358.2,PDT001472401.1
Enterococcus faecium,PDS000062957.3,PDT000740671.1
Enterococcus faecium,PDS000082442.1,PDT000976464.1
Enterococcus faecium,PDS000082466.1,PDT000976410.1
Enterococcus faecium,PDS000076253.1,PDT000893108.1
Enterococcus faecium,PDS000084061.5,PDT002287682.1
Enterococcus faecium,PDS000081885.1,PDT000968398.1
Enterococcus faecium,PDS000102087.1,PDT001213895.1
Enterococcus faecium,PDS000126646.1,PDT001514415.1
Enterococcus faecium,PDS000188721.1,PDT002258525.1
Enterococcus faecium,PDS000105907.1,PDT001259072.1
Enterococcus faecium,PDS000105918.1,PDT001259131.1
Enterococcus faecium,PDS000171895.1,PDT000698298.1
Enterococcus faecium,PDS000113838.1,PDT001362837.1
Enterococcus faecium,PDS000107396.1,PDT001277896.1
Enterococcus faecium,PDS000082276.6,PDT001009348.1
Enterococcus faecium,PDS000164071.1,PDT001952935.1
Enterococcus faecium,PDS000119792.1,PDT001195023.1
Enterococcus faecium,PDS000169233.1,PDT002019108.1
Enterococcus faecium,PDS000162199.1,PDT001514473.1
Enterococcus faecium,PDS000164990.1,PDT001967589.1
Enterococcus faecium,PDS000179220.1,PDT002118378.1
Enterococcus faecium,PDS000135163.2,PDT002274152.1
Enterococcus faecium,PDS000059584.1,PDT000701263.1
Enterococcus faecium,PDS000059398.2,PDT000701231.1
Enterococcus faecium,PDS000059387.2,PDT000701780.1
Enterococcus faecium,PDS000059182.6,PDT000860992.1
Enterococcus faecium,PDS000171950.1,PDT000694122.1
Enterococcus faecium,PDS000059204.1,PDT000694617.1
Enterococcus faecium,PDS000172011.1,PDT000696934.1
Enterococcus faecium,PDS000171919.1,PDT000697759.1
Enterococcus faecium,PDS000059256.3,PDT000698251.1
Enterococcus faecium,PDS000059447.1,PDT000697267.1
Enterococcus faecium,PDS000059601.2,PDT000698631.1
Enterococcus faecium,PDS000059619.2,PDT000748792.1
Enterococcus faecium,PDS000063089.2,PDT000813991.1
Enterococcus faecium,PDS000059605.1,PDT000703463.1
Enterococcus faecium,PDS000059610.2,PDT000698507.1
Enterococcus faecium,PDS000121110.1,PDT001189379.1
Enterococcus faecium,PDS000100048.1,PDT001189617.1
Enterococcus faecium,PDS000059079.1,PDT000215209.2
Enterococcus faecium,PDS000062959.1,PDT000740860.1
Enterococcus faecium,PDS000059550.1,PDT000704131.1
Enterococcus faecium,PDS000077226.2,PDT000907039.1
Enterococcus faecium,PDS000127978.1,PDT001532011.1
Enterococcus faecium,PDS000172570.1,PDT001531843.1
Enterococcus faecium,PDS000127989.1,PDT001531766.1
Enterococcus faecium,PDS000059549.3,PDT000704145.1
Enterococcus faecium,PDS000070711.1,PDT000826530.2
Enterococcus faecium,PDS000082439.1,PDT000976440.1
Enterococcus faecium,PDS000078326.2,PDT000924618.1
Enterococcus faecium,PDS000102061.1,PDT001213284.1
Enterococcus faecium,PDS000098993.2,PDT001176311.1
Enterococcus faecium,PDS000099600.1,PDT001022374.1
Enterococcus faecium,PDS000105906.1,PDT001259048.1
Enterococcus faecium,PDS000059758.1,PDT000704317.1
Enterococcus faecium,PDS000059128.4,PDT001967596.1
Enterococcus faecium,PDS000097010.4,PDT000742547.1
Enterococcus faecium,PDS000110251.1,PDT000701013.1
Enterococcus faecium,PDS000171883.1,PDT000889211.1
Enterococcus faecium,PDS000059689.1,PDT000702286.1
Enterococcus faecium,PDS000171889.1,PDT000694253.1
Enterococcus faecium,PDS000059439.1,PDT000696646.1
Enterococcus faecium,PDS000172019.1,PDT000697116.1
Enterococcus faecium,PDS000059065.5,PDT000697338.1
Enterococcus faecium,PDS000059457.2,PDT000697393.1
Enterococcus faecium,PDS000171944.1,PDT000697680.1
Enterococcus faecium,PDS000062988.5,PDT000810339.1
Enterococcus faecium,PDS000059107.4,PDT000742568.1
Enterococcus faecium,PDS000059122.2,PDT000339996.2
Enterococcus faecium,PDS000059125.1,PDT000070218.2
Enterococcus faecium,PDS000058926.13,PDT000924018.1
Enterococcus faecium,PDS000077220.2,PDT000924155.1
Enterococcus faecium,PDS000077227.1,PDT000913044.1
Enterococcus faecium,PDS000073563.1,PDT000860360.1
Enterococcus faecium,PDS000082453.1,PDT000698344.1
Enterococcus faecium,PDS000172027.1,PDT000976586.1
Enterococcus faecium,PDS000126647.1,PDT001514448.1
Enterococcus faecium,PDS000105708.2,PDT001256584.1
Enterococcus faecium,PDS000102080.1,PDT001213796.1
Enterococcus faecium,PDS000102088.1,PDT001213574.1
Enterococcus faecium,PDS000188729.1,PDT001176382.1
Enterococcus faecium,PDS000097979.1,PDT001162896.1
Enterococcus faecium,PDS000059015.4,PDT001262321.1
Enterococcus faecium,PDS000059226.5,PDT000704433.1
Enterococcus faecium,PDS000101648.2,PDT001474124.1
Enterococcus faecium,PDS000122157.1,PDT001474250.1
Enterococcus faecium,PDS000171980.1,PDT001472658.1
Enterococcus faecium,PDS000183460.1,PDT001599531.1
Enterococcus faecium,PDS000179553.1,PDT002121103.1
Enterococcus faecium,PDS000164985.1,PDT001967577.1
Enterococcus faecium,PDS000059411.1,PDT000701121.1
Enterococcus faecium,PDS000059401.1,PDT000701624.1
Enterococcus faecium,PDS000059697.1,PDT000702305.1
Enterococcus faecium,PDS000172031.1,PDT000694250.1
Enterococcus faecium,PDS000059223.1,PDT000694279.1
Enterococcus faecium,PDS000059197.2,PDT000861144.1
Enterococcus faecium,PDS000059184.2,PDT000695033.1
Enterococcus faecium,PDS000172071.1,PDT000976385.1
Enterococcus faecium,PDS000059455.2,PDT000697401.1
Enterococcus faecium,PDS000059037.5,PDT000697632.1
Enterococcus faecium,PDS000063008.1,PDT000741409.1
Enterococcus faecium,PDS000157936.1,PDT001380669.1
Enterococcus faecium,PDS000059612.1,PDT000698571.1
Enterococcus faecium,PDS000137447.2,PDT002288024.1
Enterococcus faecium,PDS000093764.1,PDT001100370.1
Enterococcus faecium,PDS000190833.1,PDT002289424.1
Enterococcus faecium,PDS000190824.1,PDT000968347.1
Enterococcus faecium,PDS000059105.1,PDT000105904.2
Enterococcus faecium,PDS000059083.1,PDT000210416.2
Enterococcus faecium,PDS000105921.2,PDT001259154.1
Enterococcus faecium,PDS000189346.1,PDT002268020.1
Enterococcus faecium,PDS000078235.2,PDT002024131.1
Enterococcus faecium,PDS000167023.1,PDT001992391.1
Enterococcus faecium,PDS000127992.1,PDT001531943.1
Enterococcus faecium,PDS000127979.1,PDT001531758.1
Enterococcus faecium,PDS000063003.7,PDT001909146.1
Enterococcus faecium,PDS000075151.1,PDT000879621.1
Enterococcus faecium,PDS000079739.1,PDT000744177.1
Enterococcus faecium,PDS000102078.1,PDT001213586.1
Enterococcus faecium,PDS000098969.1,PDT001176480.1
Enterococcus faecium,PDS000098988.2,PDT001177007.1
Enterococcus faecium,PDS000113836.1,PDT001362761.1
Enterococcus faecium,PDS000110378.3,PDT001163049.1
Enterococcus faecium,PDS000111234.2,PDT001325833.1
Enterococcus faecium,PDS000102063.3,PDT001474431.1
Enterococcus faecium,PDS000171988.1,PDT001472681.1
Enterococcus faecium,PDS000137618.1,PDT001275405.1
Enterococcus faecium,PDS000171913.1,PDT001664556.1
Enterococcus faecium,PDS000172018.1,PDT001967067.1
Enterococcus faecium,PDS000159778.1,PDT001898109.1
Enterococcus faecium,PDS000059587.1,PDT000701282.1
Enterococcus faecium,PDS000059591.1,PDT000701382.1
Enterococcus faecium,PDS000059736.1,PDT000696566.1
Enterococcus faecium,PDS000059668.2,PDT000701990.1
Enterococcus faecium,PDS000171896.1,PDT000694177.1
Enterococcus faecium,PDS000172054.1,PDT000701998.1
Enterococcus faecium,PDS000063254.3,PDT000747213.1
Enterococcus faecium,PDS000122046.1,PDT001472302.1
Enterococcus faecium,PDS000122165.1,PDT000704566.1
Enterococcus faecium,PDS000171930.1,PDT000694579.1
Enterococcus faecium,PDS000059208.1,PDT000694616.1
Enterococcus faecium,PDS000059243.1,PDT000696483.1
Enterococcus faecium,PDS000059438.2,PDT000697644.1
Enterococcus faecium,PDS000059726.1,PDT000696848.1
Enterococcus faecium,PDS000171898.1,PDT000697388.1
Enterococcus faecium,PDS000115019.1,PDT001380597.1
Enterococcus faecium,PDS000128667.1,PDT001194983.1
Enterococcus faecium,PDS000190817.2,PDT001219194.1
Enterococcus faecium,PDS000190842.1,PDT002287464.1
Enterococcus faecium,PDS000155181.5,PDT002136293.1
Enterococcus faecium,PDS000171999.1,PDT000347541.2
Enterococcus faecium,PDS000059109.1,PDT000105995.2
Enterococcus faecium,PDS000059116.1,PDT000578334.2
Enterococcus faecium,PDS000059141.10,PDT002267930.1
Enterococcus faecium,PDS000058928.4,PDT000929405.1
Enterococcus faecium,PDS000061380.3,PDT000929389.1
Enterococcus faecium,PDS000082458.3,PDT000976571.1
Enterococcus faecium,PDS000131957.1,PDT001567831.1
Enterococcus faecium,PDS000059708.2,PDT000705410.1
Enterococcus faecium,PDS000059676.3,PDT001139219.1
Enterococcus faecium,PDS000188754.1,PDT002258849.1
Enterococcus faecium,PDS000097966.1,PDT001163132.1
Enterococcus faecium,PDS000097971.1,PDT001162854.1
Enterococcus faecium,PDS000062970.6,PDT001176917.1
Enterococcus faecium,PDS000135161.1,PDT001590952.1
Enterococcus faecium,PDS000059113.3,PDT000701024.1
Enterococcus faecium,PDS000107747.1,PDT001283349.1
Enterococcus faecium,PDS000113809.1,PDT001361195.1
Enterococcus faecium,PDS000160795.2,PDT002239682.1
Enterococcus faecium,PDS000122155.1,PDT001474079.1
Enterococcus faecium,PDS000135158.1,PDT001599495.1
Enterococcus faecium,PDS000183461.1,PDT002178595.1
Enterococcus faecium,PDS000135160.2,PDT001599623.1
Enterococcus faecium,PDS000172007.1,PDT001850168.2
Enterococcus faecium,PDS000059574.1,PDT000700889.1
Enterococcus faecium,PDS000171878.1,PDT000694128.1
Enterococcus faecium,PDS000067061.1,PDT000696029.1
Enterococcus faecium,PDS000059266.4,PDT000814077.1
Enterococcus faecium,PDS000172045.1,PDT000697996.1
Enterococcus faecium,PDS000157369.1,PDT001870459.1
Enterococcus faecium,PDS000115015.2,PDT001380624.1
Enterococcus faecium,PDS000157934.1,PDT000744021.1
Enterococcus faecium,PDS000171922.1,PDT000743979.1
Enterococcus faecium,PDS000172002.5,PDT000667470.2
Enterococcus faecium,PDS000190815.3,PDT002288508.1
Enterococcus faecium,PDS000195144.1,PDT002345385.1
Enterococcus faecium,PDS000172023.1,PDT000291821.2
Enterococcus faecium,PDS000059555.1,PDT000703922.1
Enterococcus faecium,PDS000058945.6,PDT000907174.1
Enterococcus faecium,PDS000098968.2,PDT001176341.1
Enterococcus faecium,PDS000059135.1,PDT000645260.2
Enterococcus faecium,PDS000101646.1,PDT000742999.1
Enterococcus faecium,PDS000096527.1,PDT001139216.1
Enterococcus faecium,PDS000098973.2,PDT001177314.1
Enterococcus faecium,PDS000188716.1,PDT002257707.1
Enterococcus faecium,PDS000105910.1,PDT001259156.1
Enterococcus faecium,PDS000097963.1,PDT001163188.1
Enterococcus faecium,PDS000119793.1,PDT001437954.1
Enterococcus faecium,PDS000183463.1,PDT002178557.1
Enterococcus faecium,PDS000150564.1,PDT001788352.1
Enterococcus faecium,PDS000162190.1,PDT001931379.1
Enterococcus faecium,PDS000171880.1,PDT000694113.1
Enterococcus faecium,PDS000122052.1,PDT001472295.1
Enterococcus faecium,PDS000065398.1,PDT000785275.1
Enterococcus faecium,PDS000059291.1,PDT000695612.1
Enterococcus faecium,PDS000171877.1,PDT000698223.1
Enterococcus faecium,PDS000171969.1,PDT000697254.1
Enterococcus faecium,PDS000059585.1,PDT000698380.1
Enterococcus faecium,PDS000059314.1,PDT000699889.1
Enterococcus faecium,PDS000119797.1,PDT001438013.1
Enterococcus faecium,PDS000102578.1,PDT001163024.1
Enterococcus faecium,PDS000124914.1,PDT001494486.1
Enterococcus faecium,PDS000190831.1,PDT002288597.1
Enterococcus faecium,PDS000190827.1,PDT002288891.1
Enterococcus faecium,PDS000059052.1,PDT000353044.2
Enterococcus faecium,PDS000059552.1,PDT000703990.1
Enterococcus faecium,PDS000164983.1,PDT001967413.1
Enterococcus faecium,PDS000058968.4,PDT000907034.1
Enterococcus faecium,PDS000058932.6,PDT000924182.1
Enterococcus faecium,PDS000059024.3,PDT002257578.1
Enterococcus faecium,PDS000059007.2,PDT001695954.1
Enterococcus faecium,PDS000167024.1,PDT001992635.1
Enterococcus faecium,PDS000129311.1,PDT001543603.1
Enterococcus faecium,PDS000180894.1,PDT002138902.1
Enterococcus faecium,PDS000095129.2,PDT001118321.1
Enterococcus faecium,PDS000097011.4,PDT001200120.1
Enterococcus faecium,PDS000108556.1,PDT001292750.1
Enterococcus faecium,PDS000102077.1,PDT001213294.1
Enterococcus faecium,PDS000095468.1,PDT001124962.1
Enterococcus faecium,PDS000098991.1,PDT001176669.1
Enterococcus faecium,PDS000059558.4,PDT000703823.1
Enterococcus faecium,PDS000161116.1,PDT001909064.1
Enterococcus faecium,PDS000121407.2,PDT001471062.1
Enterococcus faecium,PDS000154624.1,PDT001837761.1
Enterococcus faecium,PDS000059576.4,PDT000735657.1
Enterococcus faecium,PDS000102057.1,PDT000695094.1
Enterococcus faecium,PDS000059066.1,PDT000172662.2
Enterococcus faecium,PDS000059253.4,PDT000696607.1
Enterococcus faecium,PDS000059732.3,PDT000857525.1
Enterococcus faecium,PDS000063093.2,PDT001262323.1
Enterococcus faecium,PDS000119798.1,PDT001210353.1
Enterococcus faecium,PDS000059431.7,PDT001579551.1
Enterococcus faecium,PDS000180895.1,PDT002139463.1
Enterococcus faecium,PDS000058974.8,PDT000907139.1
Enterococcus faecium,PDS000059017.1,PDT000466537.2
Enterococcus faecium,PDS000059548.2,PDT000743102.1
Enterococcus faecium,PDS000180904.1,PDT002139163.1
Enterococcus faecium,PDS000137282.1,PDT001636409.1
Enterococcus faecium,PDS000082461.1,PDT000976338.1
Enterococcus faecium,PDS000102084.1,PDT001213515.1
Enterococcus faecium,PDS000188739.1,PDT001176176.1
Enterococcus faecium,PDS000098975.2,PDT001016910.1
Enterococcus faecium,PDS000098983.3,PDT002258127.1
Enterococcus faecium,PDS000190457.1,PDT000996320.1
Enterococcus faecium,PDS000113835.1,PDT001362628.1
Enterococcus faecium,PDS000122164.1,PDT001474281.1
Enterococcus faecium,PDS000155056.1,PDT001843401.1
Enterococcus faecium,PDS000165006.1,PDT001967607.1
Enterococcus faecium,PDS000059674.1,PDT000701228.1
Enterococcus faecium,PDS000059747.1,PDT000701749.1
Enterococcus faecium,PDS000092729.1,PDT000202680.2
Enterococcus faecium,PDS000171978.1,PDT000041292.2
Enterococcus faecium,PDS000059691.1,PDT000702430.1
Enterococcus faecium,PDS000059183.3,PDT000861147.1
Enterococcus faecium,PDS000171937.1,PDT000860697.1
Enterococcus faecium,PDS000059434.1,PDT000696513.1
Enterococcus faecium,PDS000059641.2,PDT000698220.1
Enterococcus faecium,PDS000059632.1,PDT000697853.1
Enterococcus faecium,PDS000100063.1,PDT001194965.1
Enterococcus faecium,PDS000190829.1,PDT002289722.1
Enterococcus faecium,PDS000164991.1,PDT001967551.1
Enterococcus faecium,PDS000072949.3,PDT000924201.1
Enterococcus faecium,PDS000110252.1,PDT001316917.1
Enterococcus faecium,PDS000073553.1,PDT000860315.1
Enterococcus faecium,PDS000172033.1,PDT000744106.1
Enterococcus faecium,PDS000064265.1,PDT000763880.1
Enterococcus faecium,PDS000188732.1,PDT002258041.1
Enterococcus faecium,PDS000076256.3,PDT000893093.1
Enterococcus faecium,PDS000172025.1,PDT001018967.2
Enterococcus faecium,PDS000102085.1,PDT001213520.1
Enterococcus faecium,PDS000190806.1,PDT000704165.1
Enterococcus faecium,PDS000098987.2,PDT001177282.1
Enterococcus faecium,PDS000099001.1,PDT001177104.1
Enterococcus faecium,PDS000082455.3,PDT000976358.1
Enterococcus faecium,PDS000110383.2,PDT001317343.1
Enterococcus faecium,PDS000111708.1,PDT001337284.1
Enterococcus faecium,PDS000125136.1,PDT001500783.1
Enterococcus faecium,PDS000161117.1,PDT001909035.1
Enterococcus faecium,PDS000073964.2,PDT001437995.1
Enterococcus faecium,PDS000155091.1,PDT001844664.1
Enterococcus faecium,PDS000185083.1,PDT002205317.1
Enterococcus faecium,PDS000059718.1,PDT000701021.1
Enterococcus faecium,PDS000059460.1,PDT000700918.1
Enterococcus faecium,PDS000172730.1,PDT002068667.1
Enterococcus faecium,PDS000161394.1,PDT001913162.1
Enterococcus faecium,PDS000059189.1,PDT000694637.1
Enterococcus faecium,PDS000171986.1,PDT000698107.1
Enterococcus faecium,PDS000078566.1,PDT000927871.1
Enterococcus faecium,PDS000161430.1,PDT001914169.1
Enterococcus faecium,PDS000172024.1,PDT000592058.1
Enterococcus faecium,PDS000171881.1,PDT001651902.1
Enterococcus faecium,PDS000062969.2,PDT000740721.1
Enterococcus faecium,PDS000058981.7,PDT000907172.1
Enterococcus faecium,PDS000059019.1,PDT000466524.2
Enterococcus faecium,PDS000063094.1,PDT000742143.1
Enterococcus faecium,PDS000059137.3,PDT000638022.2
Enterococcus faecium,PDS000082469.1,PDT000976433.1
Enterococcus faecium,PDS000105706.2,PDT001256660.1
Enterococcus faecium,PDS000105917.1,PDT001259087.1
Enterococcus faecium,PDS000097958.1,PDT001163069.1
Enterococcus faecium,PDS000171990.1,PDT001472647.1
Enterococcus faecium,PDS000183465.2,PDT002178598.1
Enterococcus faecium,PDS000155052.1,PDT001842099.2
Enterococcus faecium,PDS000192418.1,PDT002313706.1
Enterococcus faecium,PDS000059581.1,PDT000700706.1
Enterococcus faecium,PDS000161392.1,PDT001913158.1
Enterococcus faecium,PDS000059649.2,PDT000697104.1
Enterococcus faecium,PDS000137445.1,PDT001637931.1
Enterococcus faecium,PDS000190821.1,PDT001077149.1
Enterococcus faecium,PDS000165005.1,PDT001967542.1
Enterococcus faecium,PDS000059681.1,PDT000705660.1
Enterococcus faecium,PDS000127984.1,PDT001531824.1
Enterococcus faecium,PDS000073555.1,PDT000860374.1
Enterococcus faecium,PDS000062304.5,PDT001472409.1
Enterococcus faecium,PDS000073473.3,PDT000729693.2
Enterococcus faecium,PDS000188713.1,PDT001176218.1
Enterococcus faecium,PDS000098956.1,PDT001176635.1
Enterococcus faecium,PDS000098949.2,PDT001176508.1
Enterococcus faecium,PDS000097960.1,PDT001162897.1
Enterococcus faecium,PDS000179554.1,PDT002121203.1
Enterococcus faecium,PDS000162200.1,PDT001931317.1
Enterococcus faecium,PDS000162192.1,PDT001931337.1
Enterococcus faecium,PDS000059403.2,PDT000701230.1
Enterococcus faecium,PDS000059418.1,PDT000694232.1
Enterococcus faecium,PDS000059190.1,PDT000694042.1
Enterococcus faecium,PDS000172066.1,PDT001531902.1
Enterococcus faecium,PDS000109395.1,PDT001306298.1
Enterococcus faecium,PDS000128666.1,PDT001534141.1
Enterococcus faecium,PDS000193451.1,PDT002326823.1
Enterococcus faecium,PDS000190832.1,PDT002288724.1
Enterococcus faecium,PDS000059057.1,PDT000487523.1
Enterococcus faecium,PDS000171902.1,PDT000424636.1
Enterococcus faecium,PDS000072951.4,PDT000923875.1
Enterococcus faecium,PDS000058971.4,PDT000907158.1
Enterococcus faecium,PDS000136314.3,PDT001659107.1
Enterococcus faecium,PDS000122152.2,PDT001637923.1
Enterococcus faecium,PDS000062990.1,PDT000741735.1
Enterococcus faecium,PDS000102059.1,PDT001213843.1
Enterococcus faecium,PDS000102075.1,PDT001213744.1
Enterococcus faecium,PDS000098955.1,PDT001176638.1
Enterococcus faecium,PDS000110382.1,PDT001317389.1
Enterococcus faecium,PDS000137283.1,PDT001636405.1
Enterococcus faecium,PDS000164997.1,PDT001967580.1
Enterococcus faecium,PDS000183292.1,PDT002174464.1
Enterococcus faecium,PDS000192422.1,PDT002313696.1
Enterococcus faecium,PDS000063250.1,PDT000745228.1
Enterococcus faecium,PDS000059644.2,PDT000861022.1
Enterococcus faecium,PDS000059340.2,PDT000699635.1
Enterococcus faecium,PDS000171963.1,PDT000743130.1
Enterococcus faecium,PDS000100078.3,PDT001189430.1
Enterococcus faecium,PDS000101647.3,PDT002286354.1
Enterococcus faecium,PDS000102777.1,PDT001222518.1
Enterococcus faecium,PDS000059048.1,PDT000358182.2
Enterococcus faecium,PDS000062958.1,PDT000740760.1
Enterococcus faecium,PDS000059551.1,PDT000704060.1
Enterococcus faecium,PDS000189343.1,PDT002267809.1
Enterococcus faecium,PDS000064266.1,PDT000763746.1
Enterococcus faecium,PDS000070709.1,PDT000826565.2
Enterococcus faecium,PDS000081988.1,PDT000971475.1
Enterococcus faecium,PDS000078327.1,PDT000924612.1
Enterococcus faecium,PDS000102067.1,PDT001213654.1
Enterococcus faecium,PDS000102086.1,PDT001213820.1
Enterococcus faecium,PDS000098954.1,PDT001177184.1
Enterococcus faecium,PDS000098944.2,PDT002257645.1
Enterococcus faecium,PDS000097967.1,PDT001163169.1
Enterococcus faecium,PDS000183462.1,PDT001599536.1
Enterococcus faecium,PDS000122061.1,PDT001472321.1
Enterococcus faecium,PDS000059201.2,PDT000694037.1
Enterococcus faecium,PDS000059311.2,PDT000702141.1
Enterococcus faecium,PDS000059308.2,PDT000695253.1
Enterococcus faecium,PDS000058987.1,PDT000442697.1
Enterococcus faecium,PDS000059433.1,PDT000696549.1
Enterococcus faecium,PDS000059751.1,PDT000697558.1
Enterococcus faecium,PDS000190846.1,PDT001210719.1
Enterococcus faecium,PDS000061355.4,PDT000929466.1
Enterococcus faecium,PDS000059131.3,PDT000675878.2
Enterococcus faecium,PDS000062989.2,PDT000743094.1
Enterococcus faecium,PDS000137284.1,PDT001118329.1
Enterococcus faecium,PDS000082441.1,PDT000976476.1
Enterococcus faecium,PDS000102076.1,PDT001213886.1
Enterococcus faecium,PDS000184396.1,PDT001567188.1
Enterococcus faecium,PDS000098976.1,PDT001177040.1
Enterococcus faecium,PDS000098951.2,PDT002258407.1
Enterococcus faecium,PDS000105919.1,PDT001259031.1
Enterococcus faecium,PDS000064269.3,PDT001283379.1
Enterococcus faecium,PDS000164224.1,PDT001952896.1
Enterococcus faecium,PDS000161123.1,PDT000236736.2
Enterococcus faecium,PDS000121611.2,PDT001469232.1
Enterococcus faecium,PDS000171987.1,PDT001472669.1
Enterococcus faecium,PDS000170778.1,PDT002040587.1
Enterococcus faecium,PDS000171965.1,PDT000428118.2
Enterococcus faecium,PDS000059274.1,PDT000695874.1
Enterococcus faecium,PDS000172064.1,PDT000696951.1
Enterococcus faecium,PDS000059241.3,PDT000697248.1
Enterococcus faecium,PDS000059614.1,PDT000698483.1
Enterococcus faecium,PDS000190843.1,PDT002288626.1
Enterococcus faecium,PDS000171948.1,PDT000341197.1
Enterococcus faecium,PDS000059098.1,PDT000181908.2
Enterococcus faecium,PDS000058984.2,PDT000578350.2
Enterococcus faecium,PDS000062955.1,PDT000740705.1
Enterococcus faecium,PDS000059759.2,PDT000704480.1
Enterococcus faecium,PDS000059709.1,PDT000705315.1
Enterococcus faecium,PDS000127982.1,PDT001532009.1
Enterococcus faecium,PDS000171953.1,PDT000890569.2
Enterococcus faecium,PDS000082452.1,PDT000976329.1
Enterococcus faecium,PDS000188727.1,PDT001176442.1
Enterococcus faecium,PDS000098994.2,PDT002258168.1
Enterococcus faecium,PDS000109815.1,PDT001310981.1
Enterococcus faecium,PDS000059677.4,PDT001952968.1
Enterococcus faecium,PDS000171957.1,PDT001472652.1
Enterococcus faecium,PDS000181318.1,PDT002146261.1
Enterococcus faecium,PDS000179557.1,PDT002121301.1
Enterococcus faecium,PDS000183201.3,PDT002174462.1
Enterococcus faecium,PDS000059661.1,PDT000701131.1
Enterococcus faecium,PDS000059658.1,PDT000701215.1
Enterococcus faecium,PDS000059463.2,PDT000701473.1
Enterococcus faecium,PDS000171923.1,PDT000694325.1
Enterococcus faecium,PDS000172052.1,PDT000860772.1
Enterococcus faecium,PDS000171936.1,PDT000088337.2
Enterococcus faecium,PDS000171971.1,PDT000698381.1
Enterococcus faecium,PDS000078564.1,PDT000927813.1
Enterococcus faecium,PDS000157935.1,PDT001874495.1
Enterococcus faecium,PDS000059412.1,PDT000700746.1
Enterococcus faecium,PDS000062653.1,PDT000734552.1
Enterococcus faecium,PDS000059049.1,PDT000358179.2
Enterococcus faecium,PDS000059660.2,PDT000703933.1
Enterococcus faecium,PDS000077223.1,PDT000907160.1
Enterococcus faecium,PDS000063090.1,PDT000743099.1
Enterococcus faecium,PDS000154354.2,PDT002152232.1
Enterococcus faecium,PDS000097969.3,PDT001163185.1
Enterococcus faecium,PDS000122158.1,PDT001474395.1
Enterococcus faecium,PDS000119799.1,PDT001437953.1
Enterococcus faecium,PDS000135157.1,PDT001599591.1
Enterococcus faecium,PDS000157687.2,PDT001874404.1
Enterococcus faecium,PDS000059127.6,PDT001967617.1
Enterococcus faecium,PDS000164984.1,PDT001967592.1
Enterococcus faecium,PDS000192416.1,PDT002313705.1
Enterococcus faecium,PDS000063255.1,PDT000745193.1
Enterococcus faecium,PDS000122055.1,PDT001472234.1
Enterococcus faecium,PDS000059622.1,PDT000696682.1
Enterococcus faecium,PDS000058999.1,PDT000572227.2
Enterococcus faecium,PDS000171994.1,PDT000292010.2
Enterococcus faecium,PDS000077221.4,PDT000907191.1
Enterococcus faecium,PDS000059043.1,PDT000418317.2
Enterococcus faecium,PDS000172037.1,PDT000741691.1
Enterococcus faecium,PDS000122153.1,PDT001473923.1
Enterococcus faecium,PDS000119795.1,PDT001437966.1
Enterococcus faecium,PDS000189631.1,PDT002274132.1
Enterococcus faecium,PDS000059126.2,PDT000688422.2
Enterococcus faecium,PDS000059465.2,PDT000700815.1
Enterococcus faecium,PDS000059666.1,PDT000701994.1
Enterococcus faecium,PDS000059452.1,PDT000106057.2
Enterococcus faecium,PDS000059615.1,PDT000698477.1
Enterococcus faecium,PDS000100068.1,PDT001189380.1
Enterococcus faecium,PDS000133008.1,PDT001163035.1
Enterococcus faecium,PDS000059554.3,PDT000703942.1
Enterococcus faecium,PDS000061358.4,PDT000907284.1
Enterococcus faecium,PDS000061368.4,PDT000907141.1
Enterococcus faecium,PDS000189337.1,PDT002267852.1
Enterococcus faecium,PDS000059153.8,PDT000924165.1
Enterococcus faecium,PDS000127987.1,PDT001531928.1
Enterococcus faecium,PDS000095132.1,PDT001118323.1
Enterococcus faecium,PDS000142352.1,PDT001695922.1
Enterococcus faecium,PDS000102065.1,PDT001213507.1
Enterococcus faecium,PDS000122159.1,PDT001473971.1
Enterococcus faecium,PDS000171995.1,PDT001474066.1
Enterococcus faecium,PDS000059642.2,PDT000701626.1
Enterococcus faecium,PDS000176907.1,PDT002102876.1
Enterococcus faecium,PDS000155182.1,PDT000193849.2
Enterococcus faecium,PDS000179542.1,PDT002121275.1
Enterococcus faecium,PDS000062994.4,PDT000741784.1
Enterococcus faecium,PDS000059481.1,PDT000701069.1
Enterococcus faecium,PDS000171884.1,PDT000694148.1
Enterococcus faecium,PDS000171799.1,PDT002054693.1
Enterococcus faecium,PDS000061197.2,PDT000696346.1
Enterococcus faecium,PDS000171962.1,PDT000698261.1
Enterococcus faecium,PDS000059422.2,PDT000696797.1
Enterococcus faecium,PDS000100961.1,PDT001199515.1
Enterococcus faecium,PDS000102576.1,PDT001219181.1
Enterococcus faecium,PDS000109394.1,PDT001306288.1
Enterococcus faecium,PDS000171967.1,PDT001494927.1
Enterococcus faecium,PDS000159758.2,PDT001896330.1
Enterococcus faecium,PDS000190837.1,PDT002289769.1
Enterococcus faecium,PDS000160797.3,PDT001830479.2
Enterococcus faecium,PDS000172044.1,PDT000068358.2
Enterococcus faecium,PDS000059129.1,PDT000679977.2
Enterococcus faecium,PDS000180896.1,PDT002139177.1
Enterococcus faecium,PDS000082443.1,PDT000976481.1
Enterococcus faecium,PDS000078330.1,PDT000924615.1
Enterococcus faecium,PDS000159753.1,PDT001894843.1
Enterococcus faecium,PDS000097962.1,PDT001163107.1
Enterococcus faecium,PDS000097968.1,PDT001163142.1
Enterococcus faecium,PDS000122156.1,PDT001474233.1
Enterococcus faecium,PDS000164066.1,PDT001952815.1
Enterococcus faecium,PDS000186968.1,PDT001850157.2
Enterococcus faecium,PDS000187527.1,PDT001772124.1
Enterococcus faecium,PDS000179562.1,PDT002121098.1
Enterococcus faecium,PDS000162198.1,PDT001931333.1
Enterococcus faecium,PDS000059333.3,PDT000700991.1
Enterococcus faecium,PDS000059625.1,PDT000701594.1
Enterococcus faecium,PDS000101335.1,PDT001204509.1
Enterococcus faecium,PDS000171945.1,PDT000696825.1
Enterococcus faecium,PDS000059073.2,PDT000162948.3
Enterococcus faecium,PDS000136315.2,PDT001659637.1
Enterococcus faecium,PDS000062996.1,PDT000741688.1
Enterococcus faecium,PDS000095131.2,PDT001636410.1
Enterococcus faecium,PDS000136308.3,PDT001659103.1
Enterococcus faecium,PDS000110839.1,PDT001324135.1
Enterococcus faecium,PDS000100963.3,PDT001049481.1
Enterococcus faecium,PDS000192421.1,PDT002313677.1
Enterococcus faecium,PDS000161393.1,PDT001913160.1
Enterococcus faecium,PDS000059196.1,PDT000694597.1
Enterococcus faecium,PDS000100069.1,PDT000695515.1
Enterococcus faecium,PDS000059082.1,PDT000543710.2
Enterococcus faecium,PDS000161429.1,PDT000742978.1
Enterococcus faecium,PDS000082465.2,PDT000236738.2
Enterococcus faecium,PDS000193318.1,PDT002325145.1
Enterococcus faecium,PDS000172053.1,PDT000703845.1
Enterococcus faecium,PDS000059553.1,PDT000703960.1
Enterococcus faecium,PDS000058927.6,PDT000907135.1
Enterococcus faecium,PDS000077219.1,PDT000913203.1
Enterococcus faecium,PDS000098998.1,PDT001176546.1
Enterococcus faecium,PDS000189113.1,PDT002264571.1
Enterococcus faecium,PDS000162197.1,PDT001514474.1
Enterococcus faecium,PDS000059725.2,PDT000702079.1
Enterococcus faecium,PDS000171926.1,PDT000694307.1
Enterococcus faecium,PDS000171798.1,PDT002054679.1
Enterococcus faecium,PDS000059571.4,PDT000704526.1
Enterococcus faecium,PDS000059312.2,PDT000695353.1
Enterococcus faecium,PDS000073558.1,PDT000694717.1
Enterococcus faecium,PDS000115016.2,PDT001380614.1
Enterococcus faecium,PDS000172001.1,PDT001208672.1
Enterococcus faecium,PDS000061356.4,PDT000924186.1
Enterococcus faecium,PDS000063135.1,PDT000743136.1
Enterococcus faecium,PDS000062992.1,PDT000741710.1
Enterococcus faecium,PDS000095130.2,PDT000761313.1
Enterococcus faecium,PDS000082445.3,PDT000696952.1
Enterococcus faecium,PDS000098996.1,PDT001177022.1
Enterococcus faecium,PDS000155632.2,PDT002040595.1
Enterococcus faecium,PDS000059479.2,PDT000700893.1
Enterococcus faecium,PDS000062724.1,PDT000735575.1
Enterococcus faecium,PDS000059695.1,PDT000702416.1
Enterococcus faecium,PDS000059598.2,PDT000694223.1
Enterococcus faecium,PDS000059638.1,PDT000698481.1
Enterococcus faecium,PDS000059099.1,PDT000181906.2
Enterococcus faecium,PDS000059115.2,PDT000578358.2
Enterococcus faecium,PDS000059564.1,PDT000703876.1
Enterococcus faecium,PDS000078234.1,PDT000913218.1
Enterococcus faecium,PDS000127991.1,PDT001531772.1
Enterococcus faecium,PDS000172034.1,PDT000742116.1
Enterococcus faecium,PDS000189630.1,PDT001009347.1
Enterococcus faecium,PDS000098967.1,PDT001176221.1
Enterococcus faecium,PDS000171888.1,PDT001874402.1
Enterococcus faecium,PDS000165000.1,PDT001967588.1
Enterococcus faecium,PDS000059391.2,PDT000700713.1
Enterococcus faecium,PDS000172057.2,PDT000701676.1
Enterococcus faecium,PDS000059242.3,PDT000697541.1
Enterococcus faecium,PDS000171904.1,PDT000698073.1
Enterococcus faecium,PDS000172068.1,PDT000249087.2
Enterococcus faecium,PDS000059748.1,PDT000698157.1
Enterococcus faecium,PDS000063096.1,PDT000742378.1
Enterococcus faecium,PDS000102579.1,PDT001219166.1
Enterococcus faecium,PDS000159759.2,PDT002035376.1
Enterococcus faecium,PDS000171915.1,PDT000381409.1
Enterococcus faecium,PDS000059110.1,PDT000106049.2
Enterococcus faecium,PDS000059757.1,PDT000704348.1
Enterococcus faecium,PDS000129092.1,PDT001538922.1
Enterococcus faecium,PDS000117137.1,PDT001256506.1
Enterococcus faecium,PDS000078567.1,PDT000928662.1
Enterococcus faecium,PDS000188745.1,PDT002258792.1
Enterococcus faecium,PDS000114715.1,PDT001162605.1
Enterococcus faecium,PDS000156598.1,PDT000531975.2
Enterococcus faecium,PDS000172826.2,PDT001854244.2
Enterococcus faecium,PDS000059477.2,PDT000701251.1
Enterococcus faecium,PDS000059693.1,PDT000702423.1
Enterococcus faecium,PDS000059673.1,PDT000696832.1
Enterococcus faecium,PDS000124917.1,PDT001495227.1
Enterococcus faecium,PDS000190840.1,PDT002286222.1
Enterococcus faecium,PDS000189636.1,PDT002269580.1
Enterococcus faecium,PDS000172000.1,PDT001235865.1
Enterococcus faecium,PDS000059064.2,PDT000740675.1
Enterococcus faecium,PDS000059704.1,PDT000705406.1
Enterococcus faecium,PDS000058983.4,PDT000907196.1
Enterococcus faecium,PDS000127988.1,PDT001531896.1
Enterococcus faecium,PDS000073548.1,PDT000691173.1
Enterococcus faecium,PDS000102070.1,PDT001213429.1
Enterococcus faecium,PDS000098943.1,PDT001176441.1
Enterococcus faecium,PDS000136313.2,PDT000531963.2
Enterococcus faecium,PDS000179545.1,PDT002121028.1
Enterococcus faecium,PDS000059671.1,PDT000701347.1
Enterococcus faecium,PDS000171985.1,PDT000694218.1
Enterococcus faecium,PDS000185084.1,PDT000172655.2
Enterococcus faecium,PDS000063014.1,PDT000741293.1
Enterococcus faecium,PDS000063011.1,PDT000741389.1
Enterococcus faecium,PDS000059712.2,PDT001176682.1
Enterococcus faecium,PDS000078639.1,PDT000929406.1
Enterococcus faecium,PDS000172694.1,PDT000898860.1
Enterococcus faecium,PDS000172020.1,PDT000866031.1
Enterococcus faecium,PDS000102082.1,PDT001213433.1
Enterococcus faecium,PDS000098321.1,PDT001169470.1
Enterococcus faecium,PDS000192911.1,PDT002319743.1
Enterococcus faecium,PDS000171991.1,PDT001472642.1
Enterococcus faecium,PDS000100050.3,PDT001831737.1
Enterococcus faecium,PDS000059586.1,PDT000701477.1
Enterococcus faecium,PDS000109265.2,PDT001302238.1
Enterococcus faecium,PDS000101336.1,PDT001195039.1
Enterococcus faecium,PDS000189341.1,PDT002268001.1
Enterococcus faecium,PDS000058929.3,PDT000907215.1
Enterococcus faecium,PDS000059039.4,PDT001195061.1
Enterococcus faecium,PDS000154623.1,PDT001838680.1
Enterococcus faecium,PDS000063257.1,PDT000106062.2
Enterococcus faecium,PDS000122163.1,PDT001473985.1
Enterococcus faecium,PDS000180893.1,PDT002139016.1
Enterococcus faecium,PDS000137281.1,PDT001636408.1
Enterococcus faecium,PDS000155055.2,PDT001844672.1
Enterococcus faecium,PDS000162195.1,PDT001931331.1
Enterococcus faecium,PDS000059636.1,PDT000701390.1
Enterococcus faecium,PDS000059237.2,PDT000695268.1
Enterococcus faecium,PDS000059423.2,PDT000697907.1
Enterococcus faecium,PDS000193452.1,PDT002288638.1
Enterococcus faecium,PDS000193448.2,PDT002290487.1
Enterococcus faecium,PDS000059045.1,PDT000410550.2
Enterococcus faecium,PDS000058938.5,PDT000913052.1
Enterococcus faecium,PDS000061372.6,PDT000907122.1
Enterococcus faecium,PDS000059628.2,PDT000697079.1
Enterococcus faecium,PDS000172042.1,PDT000742776.1
Enterococcus faecium,PDS000063105.1,PDT000742132.1
Enterococcus faecium,PDS000070708.1,PDT000826538.2
Enterococcus faecium,PDS000111707.1,PDT001337287.1
Enterococcus faecium,PDS000117141.1,PDT001405382.1
Enterococcus faecium,PDS000179550.1,PDT002121302.1
Enterococcus faecium,PDS000164996.1,PDT001967578.1
Enterococcus faecium,PDS000059750.1,PDT000701679.1
Enterococcus faecium,PDS000059724.1,PDT000702091.1
Enterococcus faecium,PDS000076043.1,PDT000889204.1
Enterococcus faecium,PDS000100052.1,PDT001189531.1
Enterococcus faecium,PDS000101649.1,PDT001209879.1
Enterococcus faecium,PDS000126645.2,PDT001514493.1
Enterococcus faecium,PDS000059008.1,PDT000578346.2
Enterococcus faecium,PDS000058996.1,PDT000578347.2
Enterococcus faecium,PDS000100065.1,PDT000427930.2
Enterococcus faecium,PDS000077982.1,PDT000923155.1
Enterococcus faecium,PDS000136317.2,PDT000638023.2
Enterococcus faecium,PDS000063139.1,PDT000744158.1
Enterococcus faecium,PDS000098966.1,PDT001177014.1
Enterococcus faecium,PDS000098995.1,PDT001176923.1
Enterococcus faecium,PDS000188723.1,PDT002258099.1
Enterococcus faecium,PDS000164067.1,PDT001952843.1
Enterococcus faecium,PDS000098982.2,PDT001952870.1
Enterococcus faecium,PDS000192419.1,PDT002313710.1
Enterococcus faecium,PDS000059593.1,PDT000700873.1
Enterococcus faecium,PDS000063004.1,PDT000741153.1
Enterococcus faecium,PDS000190458.1,PDT001385870.1
Enterococcus faecium,PDS000164999.1,PDT001967556.1
Enterococcus faecium,PDS000058956.4,PDT000907148.1
Enterococcus faecium,PDS000169666.1,PDT002024451.1
Enterococcus faecium,PDS000181316.1,PDT001758484.1
Enterococcus faecium,PDS000180905.1,PDT002138904.1
Enterococcus faecium,PDS000180890.1,PDT000866524.1
Enterococcus faecium,PDS000105709.2,PDT001256696.1
Enterococcus faecium,PDS000098948.1,PDT001176609.1
Enterococcus faecium,PDS000095922.1,PDT001132816.1
Enterococcus faecium,PDS000171943.1,PDT000697690.1
Enterococcus faecium,PDS000172040.1,PDT002016189.1
Enterococcus faecium,PDS000171975.1,PDT001498259.1
Enterococcus faecium,PDS000059142.1,PDT000498276.1
Enterococcus faecium,PDS000059108.1,PDT000107986.2
Enterococcus faecium,PDS000082450.1,PDT000976336.1
Enterococcus faecium,PDS000070243.1,PDT000820613.1
Enterococcus faecium,PDS000162194.1,PDT001514460.1
Enterococcus faecium,PDS000098979.1,PDT001176876.1
Enterococcus faecium,PDS000148384.1,PDT001772112.1
Enterococcus faecium,PDS000137289.1,PDT001636404.1
Enterococcus faecium,PDS000193319.1,PDT000688408.2
Enterococcus faecium,PDS000059608.1,PDT000698580.1
Enterococcus faecium,PDS000122951.2,PDT001482366.2
Enterococcus faecium,PDS000078237.1,PDT000923999.1
Enterococcus faecium,PDS000169669.1,PDT002024582.1
Enterococcus faecium,PDS000063131.1,PDT000743159.1
Enterococcus faecium,PDS000098963.2,PDT001176418.1
Enterococcus faecium,PDS000188736.1,PDT002257753.1
Enterococcus faecium,PDS000098952.1,PDT001176911.1
Enterococcus faecium,PDS000098989.2,PDT001176510.1
Enterococcus faecium,PDS000059722.1,PDT000701234.1
Enterococcus faecium,PDS000190813.1,PDT001219167.1
Enterococcus faecium,PDS000100054.1,PDT001189688.1
Enterococcus faecium,PDS000180903.1,PDT002139116.1
Enterococcus faecium,PDS000082447.1,PDT000976575.1
Enterococcus faecium,PDS000082464.1,PDT000741030.1
Enterococcus faecium,PDS000082277.1,PDT000974779.1
Enterococcus faecium,PDS000179674.1,PDT002122367.1
Enterococcus faecium,PDS000122062.1,PDT001472238.1
Enterococcus faecium,PDS000171905.1,PDT000860823.1
Enterococcus faecium,PDS000059685.1,PDT000697931.1
Enterococcus faecium,PDS000115376.1,PDT000889457.1
Enterococcus faecium,PDS000189344.1,PDT002267812.1
Enterococcus faecium,PDS000063137.1,PDT000743166.1
Enterococcus faecium,PDS000180899.1,PDT002138910.1
Enterococcus faecium,PDS000098957.2,PDT002257975.1
Enterococcus faecium,PDS000172006.1,PDT001362704.1
Enterococcus faecium,PDS000152941.1,PDT001813760.1
Enterococcus faecium,PDS000059678.1,PDT000702003.1
Enterococcus faecium,PDS000172056.1,PDT000702358.1
Enterococcus faecium,PDS000059753.1,PDT000704541.1
Enterococcus faecium,PDS000110379.1,PDT000703511.1
Enterococcus faecium,PDS000171976.1,PDT000698335.1
Enterococcus faecium,PDS000171932.1,PDT000517945.1
Enterococcus faecium,PDS000062965.1,PDT000740923.1
Enterococcus faecium,PDS000059151.3,PDT000907050.1
Enterococcus faecium,PDS000073966.1,PDT000866511.1
Enterococcus faecium,PDS000183291.2,PDT002174468.1
Enterococcus faecium,PDS000187715.1,PDT002240099.1
Enterococcus faecium,PDS000059246.1,PDT000699369.1
Enterococcus faecium,PDS000189338.1,PDT002267892.1
Enterococcus faecium,PDS000078220.1,PDT000924124.1
Enterococcus faecium,PDS000127977.2,PDT001531987.1
Enterococcus faecium,PDS000073547.1,PDT000691159.1
Enterococcus faecium,PDS000102093.1,PDT001213610.1
Enterococcus faecium,PDS000135162.1,PDT001599649.1
Enterococcus faecium,PDS000139777.2,PDT001664568.1
Enterococcus faecium,PDS000179673.1,PDT002122460.1
Enterococcus faecium,PDS000059739.1,PDT000694025.1
Enterococcus faecium,PDS000059228.1,PDT000694246.1
Enterococcus faecium,PDS000059648.1,PDT000696824.1
Enterococcus faecium,PDS000171879.1,PDT002016188.1
Enterococcus faecium,PDS000172061.1,PDT000740759.1
Enterococcus faecium,PDS000059547.1,PDT000703569.1
Enterococcus faecium,PDS000059006.2,PDT000472000.2
Enterococcus faecium,PDS000098986.1,PDT001176909.1
Enterococcus faecium,PDS000098992.1,PDT001176779.1
Enterococcus faecium,PDS000171968.1,PDT001472655.1
Enterococcus faecium,PDS000174980.1,PDT002089319.1
Enterococcus faecium,PDS000137292.1,PDT001636403.1
Enterococcus faecium,PDS000195143.1,PDT002068962.1
Enterococcus faecium,PDS000181315.1,PDT002146265.1
Enterococcus faecium,PDS000059688.1,PDT000702205.1
Enterococcus faecium,PDS000171876.1,PDT000694002.1
Enterococcus faecium,PDS000059212.1,PDT000694283.1
Enterococcus faecium,PDS000059639.1,PDT000696859.1
Enterococcus faecium,PDS000059559.1,PDT000703841.1
Enterococcus faecium,PDS000180901.2,PDT002138944.1
Enterococcus faecium,PDS000083172.1,PDT000976592.2
Enterococcus faecium,PDS000102073.1,PDT001213742.1
Enterococcus faecium,PDS000187215.1,PDT001337274.1
Enterococcus faecium,PDS000161122.1,PDT001909134.1
Enterococcus faecium,PDS000152942.1,PDT001572428.1
Enterococcus faecium,PDS000165004.1,PDT001967620.1
Enterococcus faecium,PDS000059442.1,PDT000700939.1
Enterococcus faecium,PDS000171891.1,PDT000702257.1
Enterococcus faecium,PDS000122051.1,PDT001472263.1
Enterococcus faecium,PDS000059645.1,PDT000697313.1
Enterococcus faecium,PDS000180780.2,PDT001599613.1
Enterococcus faecium,PDS000180897.1,PDT001163025.1
Enterococcus faecium,PDS000097965.1,PDT001163134.1
Enterococcus faecium,PDS000183459.1,PDT002178567.1
Enterococcus faecium,PDS000187840.1,PDT002241671.1
Enterococcus faecium,PDS000122060.1,PDT001472290.1
Enterococcus faecium,PDS000059316.1,PDT000694357.1
Enterococcus faecium,PDS000059456.1,PDT000697508.1
Enterococcus faecium,PDS000059036.2,PDT000698255.1
Enterococcus faecium,PDS000059478.1,PDT000697212.1
Enterococcus faecium,PDS000159752.1,PDT001204524.1
Enterococcus faecium,PDS000059145.1,PDT000423340.1
Enterococcus faecium,PDS000078239.1,PDT000924024.1
Enterococcus faecium,PDS000059023.1,PDT000466517.2
Enterococcus faecium,PDS000171998.1,PDT000760310.1
Enterococcus faecium,PDS000082462.1,PDT000976404.1
Enterococcus faecium,PDS000097485.1,PDT001018928.2
Enterococcus faecium,PDS000188740.1,PDT002259058.1
Enterococcus faecium,PDS000172008.1,PDT001362617.1
Enterococcus faecium,PDS000179552.1,PDT002121131.1
Enterococcus faecium,PDS000059594.2,PDT000700806.1
Enterococcus faecium,PDS000172014.1,PDT001362861.1
Enterococcus faecium,PDS000062967.1,PDT000740894.1
Enterococcus faecium,PDS000188756.1,PDT001176411.1
Enterococcus faecium,PDS000188724.1,PDT002257858.1
Enterococcus faecium,PDS000188725.1,PDT002257566.1
Enterococcus faecium,PDS000105920.1,PDT001259141.1
Enterococcus faecium,PDS000105908.1,PDT001259109.1
Enterococcus faecium,PDS000161119.1,PDT001909029.1
Enterococcus faecium,PDS000161114.1,PDT001909080.1
Enterococcus faecium,PDS000059680.1,PDT000701489.1
Enterococcus faecium,PDS000059318.1,PDT000695748.1
Enterococcus faecium,PDS000059650.1,PDT000696984.1
Enterococcus faecium,PDS000172021.1,PDT000741159.1
Enterococcus faecium,PDS000059458.1,PDT000700074.1
Enterococcus faecium,PDS000100066.1,PDT001189680.1
Enterococcus faecium,PDS000059117.2,PDT000710025.1
Enterococcus faecium,PDS000070244.1,PDT000820147.1
Enterococcus faecium,PDS000137288.1,PDT001636398.1
Enterococcus faecium,PDS000125140.1,PDT001500760.1
Enterococcus faecium,PDS000189339.1,PDT001500809.1
Enterococcus faecium,PDS000059596.1,PDT000701209.1
Enterococcus faecium,PDS000059270.1,PDT000695646.1
Enterococcus faecium,PDS000082454.1,PDT000976357.1
Enterococcus faecium,PDS000122050.1,PDT001472402.1
Enterococcus faecium,PDS000138259.3,PDT001853612.1
Enterococcus faecium,PDS000183466.1,PDT001599581.1
Enterococcus faecium,PDS000171941.1,PDT000698108.1
Enterococcus faecium,PDS000102069.1,PDT000810359.1
Enterococcus faecium,PDS000171918.1,PDT000088318.2
Enterococcus faecium,PDS000195142.1,PDT002344779.1
Enterococcus faecium,PDS000077225.2,PDT000924119.1
Enterococcus faecium,PDS000061369.2,PDT000924065.1
Enterococcus faecium,PDS000059018.1,PDT000466526.2
Enterococcus faecium,PDS000183467.1,PDT002178600.1
Enterococcus faecium,PDS000098946.1,PDT001176673.1
Enterococcus faecium,PDS000059566.1,PDT000703548.1
Enterococcus faecium,PDS000161115.1,PDT001909071.1
Enterococcus faecium,PDS000190841.1,PDT002287470.1
Enterococcus faecium,PDS000124916.1,PDT001493327.1
Enterococcus faecium,PDS000072952.3,PDT000923886.1
Enterococcus faecium,PDS000095030.1,PDT001116486.1
Enterococcus faecium,PDS000059021.3,PDT000698210.1
Enterococcus faecium,PDS000079738.1,PDT000942769.1
Enterococcus faecium,PDS000157686.1,PDT001874435.1
Enterococcus faecium,PDS000171938.1,PDT000531860.2
Enterococcus faecium,PDS000059229.1,PDT000694221.1
Enterococcus faecium,PDS000058990.1,PDT000442699.1
Enterococcus faecium,PDS000059647.1,PDT000698081.1
Enterococcus faecium,PDS000171874.1,PDT000697891.1
Enterococcus faecium,PDS000115710.1,PDT000889187.1
Enterococcus faecium,PDS000059072.1,PDT000258889.2
Enterococcus faecium,PDS000077218.1,PDT000913158.1
Enterococcus faecium,PDS000061362.3,PDT000929502.1
Enterococcus faecium,PDS000154630.1,PDT001838686.1
Enterococcus faecium,PDS000097012.3,PDT001200137.1
Enterococcus faecium,PDS000188719.1,PDT001176812.1
Enterococcus faecium,PDS000098581.1,PDT001171209.1
Enterococcus faecium,PDS000092730.1,PDT000202806.2
Enterococcus faecium,PDS000172058.1,PDT000694194.1
Enterococcus faecium,PDS000059562.1,PDT000703835.1
Enterococcus faecium,PDS000059609.1,PDT000698560.1
Enterococcus faecium,PDS000164931.1,PDT001495101.1
Enterococcus faecium,PDS000172729.1,PDT002067861.1
Enterococcus faecium,PDS000127980.1,PDT001531864.1
Enterococcus faecium,PDS000180892.1,PDT002139100.1
Enterococcus faecium,PDS000172010.1,PDT001362739.1
Enterococcus faecium,PDS000137285.1,PDT001636407.1
Enterococcus faecium,PDS000166609.1,PDT001492936.1
Enterococcus faecium,PDS000187714.1,PDT002240102.1
Enterococcus faecium,PDS000059621.1,PDT000698319.1
Enterococcus faecium,PDS000101338.1,PDT001204505.1
Enterococcus faecium,PDS000061377.3,PDT000902289.1
Enterococcus faecium,PDS000058957.3,PDT000907119.1
Enterococcus faecium,PDS000190828.1,PDT001077019.1
Enterococcus faecium,PDS000105915.1,PDT001259038.1
Enterococcus faecium,PDS000122154.1,PDT001473889.1
Enterococcus faecium,PDS000171997.1,PDT001474397.1
Enterococcus faecium,PDS000160796.1,PDT001906305.1
Enterococcus faecium,PDS000059670.1,PDT000701027.1
Enterococcus faecium,PDS000171908.1,PDT000694321.1
Enterococcus faecium,PDS000193873.1,PDT002288804.1
Enterococcus faecium,PDS000102581.1,PDT000229814.2
Enterococcus faecium,PDS000073552.1,PDT000860363.1
Enterococcus faecium,PDS000083173.1,PDT000976591.2
Enterococcus faecium,PDS000105912.1,PDT001259025.1
Enterococcus faecium,PDS000187526.1,PDT002239680.1
Enterococcus faecium,PDS000190808.1,PDT001843392.1
Enterococcus faecium,PDS000059599.1,PDT000701460.1
Enterococcus faecium,PDS000059752.1,PDT000704554.1
Enterococcus faecium,PDS000164981.1,PDT001967473.1
Enterococcus faecium,PDS000136309.2,PDT001659641.1
Enterococcus faecium,PDS000059020.1,PDT000577702.2
Enterococcus faecium,PDS000171872.1,PDT001874463.1
Enterococcus faecium,PDS000172016.2,PDT001176359.1
Enterococcus faecium,PDS000188741.1,PDT002259070.1
Enterococcus faecium,PDS000110838.1,PDT000741156.1
Enterococcus faecium,PDS000187842.1,PDT002241580.1
Enterococcus faecium,PDS000122045.1,PDT001472258.1
Enterococcus faecium,PDS000073559.1,PDT000861226.1
Enterococcus faecium,PDS000171914.1,PDT000697988.1
Enterococcus faecium,PDS000190839.2,PDT002287460.1
Enterococcus faecium,PDS000059561.1,PDT000703874.1
Enterococcus faecium,PDS000059711.1,PDT000705369.1
Enterococcus faecium,PDS000058934.3,PDT000907285.1
Enterococcus faecium,PDS000058959.4,PDT000907198.1
Enterococcus faecium,PDS000172047.1,PDT000705497.1
Enterococcus faecium,PDS000139830.1,PDT001665064.1
Enterococcus faecium,PDS000078329.1,PDT000925879.1
Enterococcus faecium,PDS000152940.1,PDT001813769.1
Enterococcus faecium,PDS000171927.1,PDT000694309.1
Enterococcus faecium,PDS000073561.1,PDT000861254.1
Enterococcus faecium,PDS000091899.1,PDT001076995.1
Enterococcus faecium,PDS000190834.1,PDT001638301.1
Enterococcus faecium,PDS000058951.5,PDT000913080.1
Enterococcus faecium,PDS000180898.1,PDT002139170.1
Enterococcus faecium,PDS000059597.1,PDT000702453.1
Enterococcus faecium,PDS000059022.1,PDT000466518.2
Enterococcus faecium,PDS000115017.1,PDT001381378.1
Enterococcus faecium,PDS000193320.1,PDT001132823.1
Enterococcus faecium,PDS000079740.1,PDT000942789.1
Enterococcus faecium,PDS000188737.1,PDT002257783.1
Enterococcus faecium,PDS000059476.2,PDT000697252.1
Enterococcus faecium,PDS000059254.1,PDT000696882.1
Enterococcus faecium,PDS000059081.2,PDT000210458.2
Enterococcus faecium,PDS000136316.2,PDT001659628.1
Enterococcus faecium,PDS000063104.1,PDT000743064.1
Enterococcus faecium,PDS000082468.1,PDT000976413.1
Enterococcus faecium,PDS000135153.1,PDT001590954.1
Enterococcus faecium,PDS000136307.2,PDT000531956.2
Enterococcus faecium,PDS000179221.1,PDT002118291.1
Enterococcus faecium,PDS000059480.1,PDT000700909.1
Enterococcus faecium,PDS000059410.1,PDT000697431.1
Enterococcus faecium,PDS000078224.1,PDT000924127.1
Enterococcus faecium,PDS000171992.1,PDT000976596.2
Enterococcus faecium,PDS000102064.1,PDT001213844.1
Enterococcus faecium,PDS000179672.1,PDT001176552.1
Enterococcus faecium,PDS000113837.1,PDT001362536.1
Enterococcus faecium,PDS000172012.1,PDT000472295.2
Enterococcus faecium,PDS000172004.1,PDT000702439.1
Enterococcus faecium,PDS000122042.1,PDT000729694.1
Enterococcus faecium,PDS000175883.1,PDT001482341.2
Enterococcus faecium,PDS000188748.1,PDT002258815.1
Enterococcus faecium,PDS000188730.1,PDT001176853.1
Enterococcus faecium,PDS000172022.1,PDT000694182.1
Enterococcus faecium,PDS000059745.1,PDT000698134.1
Enterococcus faecium,PDS000171910.1,PDT000927886.1
Enterococcus faecium,PDS000100073.1,PDT001195036.1
Enterococcus faecium,PDS000188728.1,PDT001176451.1
Enterococcus faecium,PDS000189114.1,PDT002264567.1
Enterococcus faecium,PDS000059468.1,PDT000696964.1
Enterococcus faecium,PDS000122151.1,PDT000276831.2
Enterococcus faecium,PDS000179546.1,PDT002121025.1
Enterococcus faecium,PDS000199043.1,PDT002387534.1
Enterococcus faecium,PDS000188726.1,PDT001177172.1
Enterococcus faecium,PDS000171903.1,PDT001874368.1
Enterococcus faecium,PDS000172630.1,PDT002065564.1
Enterococcus faecium,PDS000098583.2,PDT001171288.1
Enterococcus faecium,PDS000154625.2,PDT001820294.1
Enterococcus faecium,PDS000098945.1,PDT001177179.1
Enterococcus faecium,PDS000059733.1,PDT000698052.1
Enterococcus faecium,PDS000193872.1,PDT002332245.1
Enterococcus faecium,PDS000082451.1,PDT000976343.1
Enterococcus faecium,PDS000078388.1,PDT000927373.1
Enterococcus faecium,PDS000172046.1,PDT000727421.1
Enterococcus faecium,PDS000059590.1,PDT000701211.1
Enterococcus faecium,PDS000059607.1,PDT000698586.1
Enterococcus faecium,PDS000103857.3,PDT001235984.1
Enterococcus faecium,PDS000119796.1,PDT001214026.1
Enterococcus faecium,PDS000171956.1,PDT000694281.1
Enterococcus faecium,PDS000142351.1,PDT001695921.1
Enterococcus faecium,PDS000097984.1,PDT001163130.1
Enterococcus faecium,PDS000181709.1,PDT001599572.1
Enterococcus faecium,PDS000187841.1,PDT001906329.1
Enterococcus faecium,PDS000059404.1,PDT000701213.1
Enterococcus faecium,PDS000059741.1,PDT000697659.1
Enterococcus faecium,PDS000190818.1,PDT002289598.1
Enterococcus faecium,PDS000171890.1,PDT000740829.1
Enterococcus faecium,PDS000122043.1,PDT001472398.1
Enterococcus faecium,PDS000058940.3,PDT000907238.1
Enterococcus faecium,PDS000061357.3,PDT000929506.1
Enterococcus faecium,PDS000190826.1,PDT000996765.1
Enterococcus faecium,PDS000151063.2,PDT001794705.1
Enterococcus faecium,PDS000188735.1,PDT002257749.1
Enterococcus faecium,PDS000188734.1,PDT002257728.1
Enterococcus faecium,PDS000188720.1,PDT002258595.1
Enterococcus faecium,PDS000171973.1,PDT000702299.1
Enterococcus faecium,PDS000171934.1,PDT000699476.1
Enterococcus faecium,PDS000172048.1,PDT000705568.1
Enterococcus faecium,PDS000059754.1,PDT000704543.1
Enterococcus faecium,PDS000082438.1,PDT000976448.1
Enterococcus faecium,PDS000171983.1,PDT000697643.1
Enterococcus faecium,PDS000137290.1,PDT001636401.1
Enterococcus faecium,PDS000172005.1,PDT000976392.1
Enterococcus faecium,PDS000172063.1,PDT000694127.1
Enterococcus faecium,PDS000058985.1,PDT000442717.1
Enterococcus faecium,PDS000171982.1,PDT000697617.1
Enterococcus faecium,PDS000059134.3,PDT000742137.1
Enterococcus faecium,PDS000188738.1,PDT002257821.1
Enterococcus faecium,PDS000097981.1,PDT001163066.1
Enterococcus faecium,PDS000171946.1,PDT001472739.1
Enterococcus faecium,PDS000171897.1,PDT000976594.2
Enterococcus faecium,PDS000190819.1,PDT002289652.1
Enterococcus faecium,PDS000097015.1,PDT001014044.1
Enterococcus faecium,PDS000059078.1,PDT000343257.2
Enterococcus faecium,PDS000137286.1,PDT001118328.1
Enterococcus faecium,PDS000059557.1,PDT000703918.1
Enterococcus faecium,PDS000113808.1,PDT001360960.1
Enterococcus faecium,PDS000172043.1,PDT000704446.1
Enterococcus faecium,PDS000059616.1,PDT000698478.1
Enterococcus faecium,PDS000171964.1,PDT000376980.1
Enterococcus faecium,PDS000082446.1,PDT000976547.1
Enterococcus faecium,PDS000189340.1,PDT000929429.1
Enterococcus faecium,PDS000082460.1,PDT000976580.1
Enterococcus faecium,PDS000059624.1,PDT000698330.1
